{"stat.useItem.iceandfire.fire_dragon_flesh":2,"stat.pickup.iceandfire.fire_dragon_flesh":11,"stat.pickup.iceandfire.ice_dragon_blood":1,"stat.leaveGame":5,"stat.craftItem.minecraft.iron_axe":1,"stat.pickup.tombstone.familiar_stone":2,"stat.killEntity.Blaze":8,"stat.pickup.astralsorcery.itemconstellationpaper":9,"stat.killEntity.PigZombie":5,"stat.useItem.minecraft.planks":7,"stat.mineBlock.minecraft.web":2,"stat.pickup.minecraft.glowstone_dust":2,"stat.entityKilledBy.PigZombie":1,"stat.mineBlock.astralsorcery.blockcustomflower":2,"stat.useItem.minecraft.water_bucket":29,"stat.pickup.minecraft.rotten_flesh":35,"stat.mineBlock.minecraft.nether_brick_fence":1,"stat.pickup.minecraft.sand":7,"stat.craftItem.minecraft.stone_axe":1,"stat.pickup.iceandfire.troll_leather_forest":4,"stat.pickup.iceandfire.chared_cobblestone":2,"stat.killEntity.Mimic":1,"stat.entityKilledBy.firedragon":1,"stat.pickup.minecraft.chainmail_chestplate":1,"stat.mineBlock.minecraft.sand":5,"stat.drop.minecraft.sand":1,"stat.craftItem.minecraft.cooked_fish":1,"stat.useItem.minecraft.iron_pickaxe":988,"stat.craftItem.minecraft.wooden_pickaxe":1,"stat.useItem.minecraft.iron_shovel":255,"stat.pickup.chilean_craft.semillatomate":2,"stat.craftItem.minecraft.bed":1,"stat.craftItem.minecraft.glass_pane":32,"stat.furnaceInteraction":33,"stat.drop.minecraft.gravel":10,"stat.pickup.chilean_craft.canedecabra":8,"stat.pickup.iceandfire.dragon_skull":6,"stat.killEntity.ZombieVillager":4,"stat.pickup.minecraft.nether_brick":1,"stat.pickup.iceandfire.manuscript":12,"stat.drop.hammertime.itemhammerwood":2,"stat.pickup.minecraft.furnace":8,"stat.useItem.minecraft.cooked_mutton":2,"stat.mineBlock.cgm.workbench":6,"stat.pickup.cgm.workbench":6,"stat.pickup.tombstone.magic_scroll":1,"stat.pickup.securitycraft.reinforced_planks":512,"stat.mineBlock.astralsorcery.blockmarble":6,"stat.drop.minecraft.snowball":1,"stat.pickup.minecraft.saddle":1,"stat.craftItem.securitycraft.laser_block":1,"stat.mineBlock.minecraft.soul_sand":20,"stat.craftItem.hammertime.itemhammerwood":3,"stat.deaths":11,"stat.playOneMinute":289944,"stat.pickup.minecraft.blaze_rod":4,"stat.craftItem.minecraft.iron_pickaxe":1,"stat.mineBlock.minecraft.tallgrass":58,"stat.craftItem.minecraft.cooked_mutton":6,"stat.pickup.minecraft.netherrack":13,"stat.useItem.hammertime.itemshoveldiamond":3,"stat.pickup.minecraft.cooked_mutton":6,"stat.chestOpened":112,"stat.useItem.minecraft.fish":8,"stat.useItem.minecraft.stone":43,"stat.mineBlock.minecraft.netherrack":15,"stat.pickup.minecraft.arrow":21,"stat.pickup.minecraft.iron_sword":2,"stat.pickup.minecraft.gold_nugget":85,"stat.craftItem.minecraft.iron_nugget":297,"stat.fallOneCm":131637,"stat.drop.minecraft.stone":35,"stat.drop.minecraft.dye":1,"stat.crouchOneCm":25814,"stat.mineBlock.minecraft.chest":6,"stat.craftItem.minecraft.iron_ingot":82,"stat.craftItem.minecraft.chest":2,"stat.pickup.cgm.assault_rifle":1,"stat.craftingTableInteraction":61,"stat.pickup.iceandfire.silver_ore":10,"stat.pickup.cgm.silencer":2,"stat.pickup.iceandfire.ice_dragon_flesh":1,"stat.craftItem.packedup.goldbackpack":1,"stat.mineBlock.minecraft.log2":83,"stat.useItem.minecraft.furnace":4,"stat.craftItem.minecraft.wooden_sword":4,"stat.pickup.minecraft.dye":27,"stat.pickup.minecraft.planks":40,"stat.pickup.minecraft.wheat_seeds":24,"stat.mineBlock.minecraft.gravel":20,"stat.drop.iceandfire.fire_dragon_heart":1,"stat.useItem.minecraft.stone_pickaxe":130,"stat.craftItem.minecraft.iron_leggings":1,"stat.pickup.iceandfire.dragon_ice_spikes":1,"stat.mineBlock.minecraft.dirt":258,"stat.pickup.minecraft.chainmail_boots":1,"stat.drop.minecraft.stick":4,"stat.useItem.minecraft.torch":23,"stat.pickup.minecraft.golden_apple":1,"stat.drop.tombstone.crafting_ingredient":8,"stat.pickup.minecraft.iron_nugget":16,"stat.drop.chilean_craft.semillatomate":2,"stat.mineBlock.iceandfire.silver_ore":10,"stat.craftItem.minecraft.redstone_block":1,"stat.drop.minecraft.rotten_flesh":7,"stat.pickup.minecraft.crafting_table":12,"stat.useItem.minecraft.cobblestone":442,"stat.craftItem.minecraft.crafting_table":6,"stat.mineBlock.minecraft.double_plant":2,"stat.useItem.chilean_craft.c2":9,"stat.killEntity.LavaSlime":1,"stat.pickup.minecraft.log":128,"stat.useItem.minecraft.cooked_fish":1,"stat.craftItem.hammertime.itemshoveldiamond":1,"stat.pickup.minecraft.iron_pickaxe":5,"stat.craftItem.minecraft.gold_ingot":4,"stat.drop.minecraft.planks":26,"stat.pickup.minecraft.web":9,"stat.drop.minecraft.sapling":6,"stat.pickup.chilean_craft.semillauva":3,"stat.pickup.minecraft.sapling":23,"stat.pickup.iceandfire.dragonscales_gray":41,"stat.craftItem.iceandfire.bestiary":1,"stat.pickup.chilean_craft.maizsemilla":2,"stat.craftItem.minecraft.bucket":1,"stat.mineBlock.iceandfire.goldpile":1,"stat.craftItem.minecraft.planks":616,"stat.useItem.minecraft.iron_sword":3,"stat.pickup.futuremc.cornflower":1,"stat.useItem.mutantbeasts.hulk_hammer":10,"stat.pickup.minecraft.diamond_helmet":2,"stat.killEntity.WitherSkeleton":1,"stat.mineBlock.minecraft.log":135,"stat.pickup.iceandfire.dragonbone":52,"stat.mineBlock.iceandfire.dragon_ice_spikes":1,"stat.pickup.minecraft.red_flower":2,"stat.sneakTime":8483,"stat.pickup.minecraft.wool":9,"stat.useItem.minecraft.baked_potato":41,"stat.pickup.minecraft.yellow_flower":1,"stat.pickup.mutantbeasts.creeper_shard":1,"stat.pickup.minecraft.chest":2,"stat.useItem.minecraft.web":2,"stat.craftItem.minecraft.diamond_chestplate":1,"stat.drop.iceandfire.ice_dragon_heart":1,"stat.pickup.minecraft.bone":46,"stat.craftItem.packedup.ironbackpack":1,"stat.craftItem.minecraft.diamond_leggings":1,"stat.useItem.minecraft.iron_axe":50,"stat.mineBlock.minecraft.cobblestone":54,"stat.useItem.minecraft.log2":10,"stat.pickup.minecraft.flint":1,"stat.pickup.iceandfire.ice_dragon_heart":1,"stat.mineBlock.iceandfire.chared_stone":26,"stat.craftItem.tombstone.grave_key":1,"stat.mineBlock.minecraft.concrete":8,"stat.useItem.minecraft.diamond_sword":25,"stat.drop.minecraft.iron_nugget":8,"stat.craftItem.minecraft.diamond_helmet":1,"stat.swimOneCm":64163,"stat.useItem.minecraft.concrete_powder":7,"stat.pickup.minecraft.enchanted_book":8,"stat.drop.minecraft.cobblestone":209,"stat.craftItem.minecraft.gold_block":14,"stat.useItem.minecraft.dirt":81,"stat.useItem.minecraft.stone_slab2":73,"stat.killEntity.Piranha":4,"stat.craftItem.minecraft.furnace":2,"stat.drop.minecraft.web":9,"stat.craftItem.minecraft.iron_boots":1,"stat.craftItem.minecraft.stone_pickaxe":1,"stat.pickup.minecraft.cobblestone":1944,"stat.mineBlock.minecraft.carpet":1,"stat.craftItem.scalinghealth.heartcontainer":1,"stat.mineBlock.minecraft.clay":1,"stat.pickup.minecraft.diamond_leggings":1,"stat.flyOneCm":945637,"stat.pickup.minecraft.soul_sand":20,"stat.mineBlock.chilean_craft.copperore":1,"stat.useItem.securitycraft.reinforced_planks":354,"stat.pickup.minecraft.fish":21,"stat.drop.astralsorcery.itemconstellationpaper":6,"stat.drop.minecraft.wheat_seeds":2,"stat.pickup.mowziesmobs.glowing_jelly":1,"stat.pickup.minecraft.redstone":5,"stat.mineBlock.minecraft.iron_ore":176,"stat.timeSinceDeath":124456,"stat.drop.minecraft.log":1,"stat.pickup.minecraft.mutton":14,"stat.mineBlock.chilean_craft.copihue":1,"stat.craftItem.minecraft.iron_block":5,"stat.pickup.cgm.basic_ammo":679,"stat.pickup.minecraft.nether_wart":29,"stat.craftItem.minecraft.concrete_powder":8,"stat.drop.minecraft.dirt":195,"stat.killEntity.Wolf":1,"stat.pickup.minecraft.iron_shovel":1,"stat.pickup.minecraft.carpet":1,"stat.mineBlock.minecraft.coal_ore":87,"stat.mineBlock.minecraft.nether_brick":1,"stat.killEntity.Creeper":18,"stat.talkedToVillager":4,"stat.pickup.hammertime.itemhammerwood":4,"stat.pickup.minecraft.wooden_sword":2,"stat.pickup.minecraft.string":2,"stat.craftItem.packedup.basicbackpack":1,"stat.pickup.cgm.advanced_ammo":112,"stat.useItem.astralsorcery.blockmarble":1,"stat.pickup.tombstone.crafting_ingredient":23,"stat.craftItem.minecraft.stone_slab2":0,"stat.killEntity.Squid":1,"stat.killEntity.mutantbeasts.mutant_zombie":1,"stat.sprintOneCm":467307,"stat.craftItem.minecraft.stick":44,"stat.useItem.tombstone.magic_scroll":1,"stat.useItem.minecraft.snowball":2,"stat.mineBlock.minecraft.diamond_ore":63,"stat.mineBlock.minecraft.crafting_table":14,"stat.useItem.minecraft.diamond_pickaxe":183,"stat.drop.iceandfire.fire_dragon_flesh":2,"stat.pickup.minecraft.diamond_chestplate":2,"stat.drop":68,"stat.killEntity.cyclops":1,"stat.useItem.minecraft.wooden_sword":179,"stat.killEntity.Sheep":5,"stat.craftItem.minecraft.diamond_pickaxe":1,"stat.killEntity.Zombie":34,"stat.pickup.minecraft.snowball":77,"stat.craftItem.minecraft.dye":8,"stat.craftItem.minecraft.diamond_axe":1,"stat.mineBlock.minecraft.gold_ore":6,"stat.diveOneCm":61984,"stat.drop.minecraft.diamond_pickaxe":1,"stat.pickup.iceandfire.dragonscales_bronze":94,"stat.pickup.minecraft.gravel":38,"stat.drop.iceandfire.dragonscales_gray":13,"stat.useItem.minecraft.diamond_axe":237,"stat.pickup.minecraft.obsidian":34,"stat.pickup.iceandfire.frozen_dirt":4,"stat.useItem.minecraft.rotten_flesh":2,"stat.pickup.minecraft.diamond_sword":3,"stat.jump":5055,"stat.pickup.minecraft.coal":99,"stat.pickup.minecraft.iron_ingot":8,"stat.pickup.scalinghealth.crystalshard":6,"stat.useItem.minecraft.stone_axe":63,"stat.pickup.minecraft.gunpowder":36,"stat.drop.minecraft.wooden_sword":1,"stat.pickup.minecraft.spider_eye":1,"stat.craftItem.minecraft.torch":8,"stat.pickup.minecraft.dirt":735,"stat.craftItem.minecraft.iron_helmet":1,"stat.drop.minecraft.iron_shovel":1,"stat.pickup.minecraft.iron_ore":219,"stat.pickup.iceandfire.fire_dragon_heart":3,"stat.mineBlock.chilean_craft.gredaa":6,"stat.entityKilledBy.dread_scuttler":1,"stat.useItem.minecraft.sapling":2,"stat.pickup.minecraft.gold_ore":6,"stat.mineBlock.minecraft.lapis_ore":4,"stat.killEntity.mutantbeasts.mutant_creeper":3,"stat.pickup.minecraft.iron_axe":3,"stat.damageTaken":8525,"stat.pickup.minecraft.leather":3,"stat.mineBlock.minecraft.furnace":8,"stat.mineBlock.minecraft.red_flower":3,"stat.mineBlock.minecraft.torch":15,"stat.useItem.minecraft.wooden_pickaxe":14,"stat.mineBlock.iceandfire.chared_cobblestone":17,"stat.pickup.minecraft.ender_eye":3,"stat.pickup.minecraft.log2":187,"stat.pickup.minecraft.reeds":40,"stat.craftItem.cgm.workbench":1,"stat.pickup.minecraft.bed":7,"tombstone:undead_killed":58,"stat.pickup.minecraft.concrete":8,"stat.pickup.minecraft.diamond_axe":4,"stat.damageDealt":24539,"stat.sleepInBed":4,"stat.mineBlock.minecraft.nether_brick_stairs":2,"stat.craftItem.chilean_craft.c2":9,"stat.craftItem.securitycraft.universal_block_reinforcer_lvl1":1,"stat.killEntity.cabra":5,"stat.walkOneCm":527020,"stat.drop.chilean_craft.semillauva":2,"stat.pickup.minecraft.stick":21,"stat.pickup.minecraft.diamond_pickaxe":1,"stat.pickup.minecraft.clay_ball":4,"stat.pickup.cgm.rifle":1,"stat.pickup.iceandfire.dread_shard":2,"stat.pickup.chilean_craft.copperore":2,"stat.drop.minecraft.diamond_axe":1,"stat.craftItem.minecraft.diamond_boots":1,"stat.useItem.scalinghealth.heartcontainer":3,"stat.useItem.tombstone.gift":2,"stat.pickup.minecraft.stone":439,"stat.craftItem.minecraft.iron_chestplate":1,"stat.craftItem.hammertime.itemhammerdiamond":1,"stat.killEntity.if_troll":1,"stat.entityKilledBy.Piranha":1,"stat.pickup.scalinghealth.heartcontainer":2,"stat.entityKilledBy.icedragon":3,"stat.mineBlock.scalinghealth.crystalore":1,"stat.pickup.minecraft.ender_pearl":12,"stat.drop.iceandfire.frozen_dirt":2,"stat.pickup.minecraft.gold_ingot":27,"stat.pickup.mutantbeasts.hulk_hammer":1,"stat.killEntity.Skeleton":13,"stat.killEntity.Spider":4,"stat.mobKills":132,"stat.pickup.minecraft.diamond":165,"stat.mineBlock.minecraft.leaves":1,"stat.pickup.minecraft.torch":17,"stat.mineBlock.minecraft.redstone_ore":2,"stat.pickup.astralsorcery.blockmarble":6,"stat.killEntity.firedragon":2,"stat.mineBlock.minecraft.stone":786,"stat.pickup.chilean_craft.gredaball":16}