{"stat.chestOpened":5,"stat.drop.minecraft.stone_pickaxe":1,"stat.pickup.minecraft.bone":2,"stat.pickup.minecraft.stone_pickaxe":3,"stat.useItem.futuremc.lily_of_the_valley":1,"stat.killEntity.Anthermite":1,"stat.jump":585,"stat.swimOneCm":5755,"stat.pickup.minecraft.coal":2,"stat.pickup.minecraft.iron_helmet":3,"stat.fallOneCm":16565,"stat.pickup.minecraft.carrot":20,"stat.useItem.minecraft.stone_axe":64,"stat.pickup.minecraft.porkchop":12,"stat.crouchOneCm":726,"stat.mineBlock.minecraft.chest":1,"stat.craftItem.minecraft.iron_ingot":1,"stat.pickup.minecraft.dirt":14,"stat.useItem.minecraft.dirt":5,"stat.useItem.minecraft.stone_slab2":11,"stat.mineBlock.futuremc.lily_of_the_valley":3,"stat.killEntity.Piranha":3,"stat.craftingTableInteraction":6,"stat.pickup.minecraft.iron_ore":1,"stat.pickup.minecraft.rotten_flesh":2,"stat.pickup.minecraft.sand":6,"stat.craftItem.minecraft.furnace":1,"stat.craftItem.minecraft.stone_axe":1,"stat.pickup.minecraft.leather":6,"stat.damageTaken":669,"stat.craftItem.minecraft.stone_pickaxe":1,"stat.mineBlock.minecraft.furnace":2,"stat.useItem.minecraft.wooden_pickaxe":12,"stat.pickup.minecraft.cobblestone":22,"stat.pickup.minecraft.dye":8,"stat.flyOneCm":188740,"stat.pickup.minecraft.bed":4,"tombstone:undead_killed":5,"stat.pickup.minecraft.wheat_seeds":7,"stat.mineBlock.minecraft.sand":8,"stat.pickup.minecraft.potato":3,"stat.pickup.minecraft.fish":9,"stat.drop.minecraft.wheat_seeds":1,"stat.useItem.minecraft.stone_pickaxe":25,"stat.damageDealt":2306,"stat.mineBlock.minecraft.iron_ore":1,"stat.sleepInBed":1,"stat.timeSinceDeath":3398,"stat.mineBlock.minecraft.dirt":10,"stat.craftItem.minecraft.wooden_pickaxe":1,"stat.killEntity.Pig":2,"stat.entityKilledBy.if_cockatrice":1,"stat.pickup.chilean_craft.semillatomate":3,"stat.walkOneCm":53457,"stat.pickup.minecraft.crafting_table":5,"stat.craftItem.minecraft.crafting_table":1,"stat.furnaceInteraction":8,"stat.mineBlock.minecraft.double_plant":1,"stat.mineBlock.minecraft.coal_ore":2,"stat.talkedToVillager":3,"stat.pickup.minecraft.log":83,"stat.pickup.minecraft.string":1,"stat.craftItem.packedup.basicbackpack":1,"stat.pickup.chilean_craft.caballlo":12,"stat.useItem.astralsorcery.blockmarble":2,"stat.pickup.minecraft.furnace":4,"stat.useItem.tombstone.gift":1,"stat.pickup.tombstone.crafting_ingredient":2,"stat.craftItem.minecraft.stone_slab2":0,"stat.pickup.chilean_craft.semillauva":1,"stat.pickup.minecraft.sapling":32,"stat.killEntity.Squid":1,"stat.sprintOneCm":55113,"stat.pickup.minecraft.apple":7,"stat.craftItem.minecraft.stick":8,"stat.killEntity.Skeleton":1,"stat.killEntity.Horse":1,"stat.pickup.chilean_craft.maizsemilla":7,"stat.craftItem.minecraft.planks":20,"stat.pickup.futuremc.lily_of_the_valley":3,"stat.mineBlock.minecraft.crafting_table":3,"stat.killEntity.Spider":1,"stat.useItem.chilean_craft.caballo32":5,"stat.mineBlock.astralsorcery.blockmarble":4,"stat.useItem.minecraft.carrot":10,"stat.mobKills":18,"stat.pickup.minecraft.book":21,"stat.mineBlock.minecraft.log":86,"stat.mineBlock.minecraft.bookshelf":7,"stat.deaths":1,"stat.drop":2,"stat.pickup.packedup.basicbackpack":2,"stat.playOneMinute":22133,"stat.sneakTime":404,"stat.pickup.astralsorcery.blockmarble":4,"stat.craftItem.chilean_craft.caballo32":12,"stat.killEntity.Zombie":3,"stat.craftItem.minecraft.dye":9,"stat.pickup.chilean_craft.caballo32":14,"stat.mineBlock.minecraft.stone":23,"stat.mineBlock.minecraft.tallgrass":18,"stat.diveOneCm":10397,"stat.pickup.minecraft.chest":1}