{"stat.chestOpened":15,"stat.drop.minecraft.stone_pickaxe":1,"stat.pickup.minecraft.bone":20,"stat.useItem.minecraft.fish":1,"stat.useItem.minecraft.iron_axe":3,"stat.pickup.minecraft.gravel":137,"stat.pickup.minecraft.stone_pickaxe":20,"stat.useItem.futuremc.lily_of_the_valley":1,"stat.killEntity.Anthermite":1,"stat.jump":803,"stat.swimOneCm":5755,"stat.pickup.minecraft.coal":2,"stat.pickup.minecraft.iron_helmet":18,"stat.fallOneCm":19011,"stat.pickup.minecraft.iron_ingot":61,"stat.pickup.minecraft.carrot":20,"stat.pickup.minecraft.glowstone_dust":14,"stat.useItem.minecraft.stone_axe":64,"stat.pickup.minecraft.porkchop":124,"stat.pickup.minecraft.gunpowder":222,"stat.crouchOneCm":1172,"stat.mineBlock.minecraft.chest":1,"stat.craftItem.minecraft.iron_ingot":1,"stat.pickup.minecraft.dirt":42,"stat.useItem.minecraft.dirt":5,"stat.craftItem.minecraft.iron_helmet":1,"stat.useItem.minecraft.stone_slab2":16,"stat.mineBlock.futuremc.lily_of_the_valley":3,"stat.killEntity.Piranha":3,"stat.craftingTableInteraction":7,"stat.pickup.minecraft.iron_ore":1,"stat.pickup.minecraft.rotten_flesh":105,"stat.pickup.minecraft.sand":76,"stat.craftItem.minecraft.furnace":1,"stat.pickup.minecraft.iron_axe":1,"stat.craftItem.minecraft.stone_axe":1,"stat.craftItem.minecraft.iron_boots":1,"stat.pickup.minecraft.leather":6,"stat.damageTaken":2225,"stat.craftItem.minecraft.stone_pickaxe":1,"stat.mineBlock.minecraft.furnace":2,"stat.mineBlock.minecraft.torch":1,"stat.useItem.minecraft.wooden_pickaxe":12,"stat.pickup.minecraft.cobblestone":96,"stat.pickup.minecraft.dye":80,"stat.flyOneCm":237664,"stat.pickup.minecraft.bed":16,"tombstone:undead_killed":25,"stat.pickup.minecraft.wheat_seeds":35,"stat.mineBlock.minecraft.sand":8,"stat.pickup.minecraft.potato":3,"stat.pickup.minecraft.fish":15,"stat.drop.minecraft.wheat_seeds":1,"stat.entityKilledBy.Zombie":3,"stat.mineBlock.minecraft.gravel":2,"stat.useItem.minecraft.stone_pickaxe":61,"stat.craftItem.minecraft.iron_leggings":1,"stat.damageDealt":3658,"stat.pickup.minecraft.redstone":24,"stat.mineBlock.minecraft.iron_ore":1,"stat.sleepInBed":2,"stat.timeSinceDeath":2376,"stat.mineBlock.minecraft.dirt":10,"stat.useItem.minecraft.crafting_table":1,"stat.craftItem.minecraft.wooden_pickaxe":1,"stat.killEntity.Pig":2,"stat.entityKilledBy.if_cockatrice":3,"stat.pickup.chilean_craft.semillatomate":31,"stat.walkOneCm":77989,"stat.pickup.minecraft.crafting_table":17,"stat.craftItem.minecraft.crafting_table":1,"stat.furnaceInteraction":8,"stat.mineBlock.minecraft.double_plant":1,"stat.useItem.minecraft.lava_bucket":2,"stat.mineBlock.minecraft.coal_ore":2,"stat.talkedToVillager":3,"stat.pickup.minecraft.log":83,"stat.pickup.minecraft.string":85,"stat.craftItem.packedup.basicbackpack":1,"stat.pickup.iceandfire.manuscript":56,"stat.pickup.chilean_craft.caballlo":12,"stat.useItem.astralsorcery.blockmarble":2,"stat.pickup.minecraft.furnace":18,"stat.useItem.tombstone.gift":1,"stat.pickup.tombstone.crafting_ingredient":16,"stat.useItem.minecraft.milk_bucket":1,"stat.craftItem.minecraft.stone_slab2":0,"stat.craftItem.minecraft.iron_chestplate":1,"stat.pickup.chilean_craft.semillauva":1,"stat.pickup.minecraft.sapling":32,"stat.killEntity.Squid":1,"stat.sprintOneCm":69615,"stat.pickup.minecraft.apple":7,"stat.craftItem.minecraft.stick":8,"stat.pickup.tombstone.magic_scroll":1,"stat.killEntity.Skeleton":1,"stat.killEntity.Horse":1,"stat.pickup.chilean_craft.maizsemilla":19,"stat.craftItem.minecraft.planks":20,"stat.pickup.futuremc.lily_of_the_valley":3,"stat.mineBlock.minecraft.crafting_table":3,"stat.killEntity.Spider":1,"stat.useItem.chilean_craft.caballo32":5,"stat.mineBlock.astralsorcery.blockmarble":4,"stat.useItem.minecraft.carrot":10,"stat.pickup.astralsorcery.itemcraftingcomponent":14,"stat.mobKills":38,"stat.pickup.minecraft.book":21,"stat.mineBlock.minecraft.log":86,"stat.mineBlock.minecraft.bookshelf":7,"stat.useItem.minecraft.golden_apple":2,"stat.deaths":6,"stat.drop":2,"stat.pickup.packedup.basicbackpack":20,"stat.playOneMinute":34733,"stat.pickup.minecraft.torch":1,"stat.sneakTime":622,"stat.pickup.astralsorcery.blockmarble":4,"stat.craftItem.chilean_craft.caballo32":12,"stat.killEntity.Zombie":20,"stat.craftItem.minecraft.dye":9,"stat.pickup.chilean_craft.caballo32":112,"stat.mineBlock.minecraft.stone":26,"stat.mineBlock.minecraft.tallgrass":19,"stat.diveOneCm":10397,"stat.pickup.minecraft.chest":1}