{"stat.chestOpened":2,"stat.walkOneCm":27521,"stat.pickup.minecraft.crafting_table":1,"stat.craftItem.minecraft.crafting_table":1,"stat.furnaceInteraction":1,"stat.mineBlock.minecraft.double_plant":1,"stat.mineBlock.minecraft.coal_ore":2,"stat.talkedToVillager":3,"stat.killEntity.Anthermite":1,"stat.pickup.minecraft.log":83,"stat.jump":247,"stat.swimOneCm":2049,"stat.pickup.minecraft.coal":2,"stat.pickup.minecraft.iron_helmet":1,"stat.fallOneCm":7425,"stat.pickup.chilean_craft.caballlo":9,"stat.pickup.minecraft.carrot":19,"stat.useItem.minecraft.stone_axe":40,"stat.crouchOneCm":325,"stat.pickup.chilean_craft.semillauva":1,"stat.pickup.minecraft.sapling":32,"stat.killEntity.Squid":1,"stat.pickup.minecraft.dirt":8,"stat.useItem.minecraft.dirt":5,"stat.sprintOneCm":32052,"stat.useItem.minecraft.stone_slab2":1,"stat.pickup.minecraft.apple":7,"stat.mineBlock.futuremc.lily_of_the_valley":2,"stat.killEntity.Piranha":2,"stat.craftItem.minecraft.stick":8,"stat.craftingTableInteraction":3,"stat.pickup.minecraft.iron_ore":1,"stat.pickup.minecraft.sand":5,"stat.killEntity.Horse":1,"stat.craftItem.minecraft.planks":20,"stat.pickup.futuremc.lily_of_the_valley":2,"stat.craftItem.minecraft.stone_axe":1,"stat.damageTaken":236,"stat.mineBlock.minecraft.crafting_table":1,"stat.pickup.minecraft.leather":6,"stat.craftItem.minecraft.stone_pickaxe":1,"stat.useItem.minecraft.wooden_pickaxe":12,"stat.useItem.minecraft.carrot":10,"stat.mobKills":7,"stat.pickup.minecraft.cobblestone":22,"stat.pickup.minecraft.book":21,"stat.mineBlock.minecraft.log":86,"stat.mineBlock.minecraft.bookshelf":7,"stat.pickup.minecraft.dye":3,"stat.flyOneCm":51437,"stat.mineBlock.minecraft.sand":7,"stat.pickup.minecraft.potato":3,"stat.playOneMinute":10433,"stat.pickup.minecraft.fish":3,"stat.useItem.minecraft.stone_pickaxe":16,"stat.sneakTime":157,"stat.damageDealt":629,"stat.mineBlock.minecraft.iron_ore":1,"stat.timeSinceDeath":10433,"stat.mineBlock.minecraft.dirt":8,"stat.craftItem.minecraft.wooden_pickaxe":1,"stat.mineBlock.minecraft.stone":23,"stat.mineBlock.minecraft.tallgrass":2,"stat.diveOneCm":9335}