{"stat.useItem.iceandfire.fire_dragon_flesh":2,"stat.pickup.iceandfire.fire_dragon_flesh":4,"stat.leaveGame":5,"stat.craftItem.minecraft.iron_axe":1,"stat.killEntity.Blaze":8,"stat.pickup.astralsorcery.itemconstellationpaper":9,"stat.killEntity.PigZombie":5,"stat.useItem.minecraft.planks":7,"stat.mineBlock.minecraft.web":2,"stat.pickup.minecraft.glowstone_dust":2,"stat.entityKilledBy.PigZombie":1,"stat.mineBlock.astralsorcery.blockcustomflower":2,"stat.useItem.minecraft.water_bucket":29,"stat.pickup.minecraft.rotten_flesh":29,"stat.mineBlock.minecraft.nether_brick_fence":1,"stat.pickup.minecraft.sand":7,"stat.craftItem.minecraft.stone_axe":1,"stat.pickup.iceandfire.troll_leather_forest":4,"stat.pickup.iceandfire.chared_cobblestone":1,"stat.killEntity.Mimic":1,"stat.entityKilledBy.firedragon":1,"stat.pickup.minecraft.chainmail_chestplate":1,"stat.mineBlock.minecraft.sand":5,"stat.drop.minecraft.sand":1,"stat.craftItem.minecraft.cooked_fish":1,"stat.useItem.minecraft.iron_pickaxe":988,"stat.craftItem.minecraft.wooden_pickaxe":1,"stat.useItem.minecraft.iron_shovel":24,"stat.craftItem.minecraft.bed":1,"stat.furnaceInteraction":33,"stat.drop.minecraft.gravel":10,"stat.pickup.chilean_craft.canedecabra":8,"stat.pickup.iceandfire.dragon_skull":3,"stat.pickup.minecraft.nether_brick":1,"stat.pickup.iceandfire.manuscript":12,"stat.drop.hammertime.itemhammerwood":2,"stat.pickup.minecraft.furnace":8,"stat.useItem.minecraft.cooked_mutton":2,"stat.mineBlock.cgm.workbench":5,"stat.pickup.cgm.workbench":5,"stat.pickup.tombstone.magic_scroll":1,"stat.mineBlock.astralsorcery.blockmarble":6,"stat.drop.minecraft.snowball":1,"stat.pickup.minecraft.saddle":1,"stat.mineBlock.minecraft.soul_sand":20,"stat.craftItem.hammertime.itemhammerwood":3,"stat.deaths":11,"stat.playOneMinute":215244,"stat.pickup.minecraft.blaze_rod":4,"stat.craftItem.minecraft.iron_pickaxe":1,"stat.mineBlock.minecraft.tallgrass":22,"stat.craftItem.minecraft.cooked_mutton":6,"stat.pickup.minecraft.netherrack":13,"stat.pickup.minecraft.cooked_mutton":6,"stat.chestOpened":68,"stat.useItem.minecraft.fish":8,"stat.useItem.minecraft.stone":2,"stat.mineBlock.minecraft.netherrack":15,"stat.pickup.minecraft.arrow":17,"stat.pickup.minecraft.gold_nugget":85,"stat.craftItem.minecraft.iron_nugget":153,"stat.fallOneCm":110782,"stat.drop.minecraft.stone":28,"stat.drop.minecraft.dye":1,"stat.crouchOneCm":21036,"stat.mineBlock.minecraft.chest":4,"stat.craftItem.minecraft.iron_ingot":75,"stat.craftItem.minecraft.chest":1,"stat.pickup.cgm.assault_rifle":1,"stat.craftingTableInteraction":46,"stat.pickup.iceandfire.silver_ore":10,"stat.craftItem.packedup.goldbackpack":1,"stat.useItem.minecraft.furnace":4,"stat.craftItem.minecraft.wooden_sword":4,"stat.pickup.minecraft.dye":27,"stat.pickup.minecraft.planks":40,"stat.pickup.minecraft.wheat_seeds":2,"stat.mineBlock.minecraft.gravel":16,"stat.useItem.minecraft.stone_pickaxe":130,"stat.craftItem.minecraft.iron_leggings":1,"stat.pickup.iceandfire.dragon_ice_spikes":1,"stat.mineBlock.minecraft.dirt":34,"stat.pickup.minecraft.chainmail_boots":1,"stat.drop.minecraft.stick":4,"stat.useItem.minecraft.torch":23,"stat.drop.tombstone.crafting_ingredient":8,"stat.pickup.minecraft.iron_nugget":12,"stat.mineBlock.iceandfire.silver_ore":10,"stat.drop.minecraft.rotten_flesh":6,"stat.pickup.minecraft.crafting_table":11,"stat.useItem.minecraft.cobblestone":423,"stat.craftItem.minecraft.crafting_table":5,"stat.mineBlock.minecraft.double_plant":2,"stat.useItem.chilean_craft.c2":9,"stat.killEntity.LavaSlime":1,"stat.pickup.minecraft.log":128,"stat.useItem.minecraft.cooked_fish":1,"stat.pickup.minecraft.iron_pickaxe":2,"stat.craftItem.minecraft.gold_ingot":4,"stat.drop.minecraft.planks":26,"stat.pickup.minecraft.web":9,"stat.drop.minecraft.sapling":6,"stat.pickup.minecraft.sapling":19,"stat.pickup.iceandfire.dragonscales_gray":41,"stat.craftItem.iceandfire.bestiary":1,"stat.craftItem.minecraft.bucket":1,"stat.craftItem.minecraft.planks":88,"stat.killEntity.WitherSkeleton":1,"stat.mineBlock.minecraft.log":135,"stat.pickup.iceandfire.dragonbone":27,"stat.mineBlock.iceandfire.dragon_ice_spikes":1,"stat.pickup.minecraft.red_flower":2,"stat.sneakTime":6616,"stat.pickup.minecraft.wool":8,"stat.useItem.minecraft.baked_potato":16,"stat.pickup.minecraft.yellow_flower":1,"stat.useItem.minecraft.web":2,"stat.craftItem.minecraft.diamond_chestplate":1,"stat.pickup.minecraft.bone":9,"stat.craftItem.packedup.ironbackpack":1,"stat.craftItem.minecraft.diamond_leggings":1,"stat.useItem.minecraft.iron_axe":50,"stat.mineBlock.minecraft.cobblestone":44,"stat.pickup.minecraft.flint":1,"stat.mineBlock.iceandfire.chared_stone":8,"stat.craftItem.tombstone.grave_key":1,"stat.mineBlock.minecraft.concrete":8,"stat.drop.minecraft.iron_nugget":4,"stat.craftItem.minecraft.diamond_helmet":1,"stat.swimOneCm":33747,"stat.useItem.minecraft.concrete_powder":7,"stat.pickup.minecraft.enchanted_book":1,"stat.drop.minecraft.cobblestone":198,"stat.craftItem.minecraft.gold_block":14,"stat.useItem.minecraft.dirt":4,"stat.useItem.minecraft.stone_slab2":52,"stat.killEntity.Piranha":1,"stat.craftItem.minecraft.furnace":2,"stat.drop.minecraft.web":9,"stat.craftItem.minecraft.iron_boots":1,"stat.craftItem.minecraft.stone_pickaxe":1,"stat.pickup.minecraft.cobblestone":1400,"stat.mineBlock.minecraft.carpet":1,"stat.mineBlock.minecraft.clay":1,"stat.flyOneCm":787980,"stat.pickup.minecraft.soul_sand":20,"stat.mineBlock.chilean_craft.copperore":1,"stat.pickup.minecraft.fish":13,"stat.drop.astralsorcery.itemconstellationpaper":6,"stat.drop.minecraft.wheat_seeds":2,"stat.pickup.minecraft.redstone":5,"stat.mineBlock.minecraft.iron_ore":176,"stat.timeSinceDeath":49756,"stat.drop.minecraft.log":1,"stat.pickup.minecraft.mutton":12,"stat.mineBlock.chilean_craft.copihue":1,"stat.craftItem.minecraft.iron_block":5,"stat.pickup.cgm.basic_ammo":455,"stat.pickup.minecraft.nether_wart":29,"stat.craftItem.minecraft.concrete_powder":8,"stat.drop.minecraft.dirt":3,"stat.killEntity.Wolf":1,"stat.pickup.minecraft.iron_shovel":1,"stat.pickup.minecraft.carpet":1,"stat.mineBlock.minecraft.coal_ore":87,"stat.mineBlock.minecraft.nether_brick":1,"stat.killEntity.Creeper":17,"stat.talkedToVillager":4,"stat.pickup.hammertime.itemhammerwood":4,"stat.pickup.minecraft.wooden_sword":2,"stat.pickup.minecraft.string":2,"stat.craftItem.packedup.basicbackpack":1,"stat.useItem.astralsorcery.blockmarble":1,"stat.pickup.tombstone.crafting_ingredient":23,"stat.craftItem.minecraft.stone_slab2":0,"stat.killEntity.Squid":1,"stat.sprintOneCm":363576,"stat.craftItem.minecraft.stick":36,"stat.useItem.tombstone.magic_scroll":1,"stat.useItem.minecraft.snowball":2,"stat.mineBlock.minecraft.diamond_ore":63,"stat.mineBlock.minecraft.crafting_table":13,"stat.useItem.minecraft.diamond_pickaxe":84,"stat.drop.iceandfire.fire_dragon_flesh":2,"stat.drop":55,"stat.killEntity.cyclops":1,"stat.useItem.minecraft.wooden_sword":179,"stat.killEntity.Sheep":4,"stat.craftItem.minecraft.diamond_pickaxe":1,"stat.killEntity.Zombie":26,"stat.pickup.minecraft.snowball":77,"stat.craftItem.minecraft.dye":8,"stat.craftItem.minecraft.diamond_axe":1,"stat.mineBlock.minecraft.gold_ore":6,"stat.diveOneCm":27667,"stat.drop.minecraft.diamond_pickaxe":1,"stat.pickup.minecraft.gravel":29,"stat.drop.iceandfire.dragonscales_gray":13,"stat.useItem.minecraft.diamond_axe":141,"stat.pickup.minecraft.obsidian":34,"stat.pickup.iceandfire.frozen_dirt":4,"stat.useItem.minecraft.rotten_flesh":2,"stat.jump":3988,"stat.pickup.minecraft.coal":99,"stat.pickup.minecraft.iron_ingot":8,"stat.pickup.scalinghealth.crystalshard":5,"stat.useItem.minecraft.stone_axe":63,"stat.pickup.minecraft.gunpowder":20,"stat.drop.minecraft.wooden_sword":1,"stat.pickup.minecraft.spider_eye":1,"stat.craftItem.minecraft.torch":8,"stat.pickup.minecraft.dirt":32,"stat.craftItem.minecraft.iron_helmet":1,"stat.pickup.minecraft.iron_ore":219,"stat.pickup.iceandfire.fire_dragon_heart":2,"stat.entityKilledBy.dread_scuttler":1,"stat.useItem.minecraft.sapling":2,"stat.pickup.minecraft.gold_ore":6,"stat.mineBlock.minecraft.lapis_ore":4,"stat.pickup.minecraft.iron_axe":2,"stat.damageTaken":6945,"stat.pickup.minecraft.leather":3,"stat.mineBlock.minecraft.furnace":8,"stat.mineBlock.minecraft.red_flower":3,"stat.mineBlock.minecraft.torch":15,"stat.useItem.minecraft.wooden_pickaxe":14,"stat.mineBlock.iceandfire.chared_cobblestone":8,"stat.pickup.minecraft.ender_eye":3,"stat.pickup.minecraft.log2":6,"stat.pickup.minecraft.reeds":40,"stat.craftItem.cgm.workbench":1,"stat.pickup.minecraft.bed":4,"tombstone:undead_killed":41,"stat.pickup.minecraft.concrete":8,"stat.pickup.minecraft.diamond_axe":4,"stat.damageDealt":16531,"stat.sleepInBed":2,"stat.mineBlock.minecraft.nether_brick_stairs":2,"stat.craftItem.chilean_craft.c2":9,"stat.killEntity.cabra":5,"stat.walkOneCm":338868,"stat.pickup.minecraft.stick":21,"stat.pickup.minecraft.diamond_pickaxe":1,"stat.pickup.minecraft.clay_ball":4,"stat.pickup.iceandfire.dread_shard":2,"stat.pickup.chilean_craft.copperore":1,"stat.drop.minecraft.diamond_axe":1,"stat.craftItem.minecraft.diamond_boots":1,"stat.useItem.scalinghealth.heartcontainer":1,"stat.useItem.tombstone.gift":1,"stat.pickup.minecraft.stone":134,"stat.craftItem.minecraft.iron_chestplate":1,"stat.craftItem.hammertime.itemhammerdiamond":1,"stat.killEntity.if_troll":1,"stat.entityKilledBy.Piranha":1,"stat.pickup.scalinghealth.heartcontainer":1,"stat.entityKilledBy.icedragon":3,"stat.mineBlock.scalinghealth.crystalore":1,"stat.pickup.minecraft.ender_pearl":7,"stat.drop.iceandfire.frozen_dirt":2,"stat.pickup.minecraft.gold_ingot":6,"stat.killEntity.Skeleton":9,"stat.killEntity.Spider":2,"stat.mobKills":98,"stat.pickup.minecraft.diamond":72,"stat.mineBlock.minecraft.leaves":1,"stat.pickup.minecraft.torch":17,"stat.mineBlock.minecraft.redstone_ore":2,"stat.pickup.astralsorcery.blockmarble":6,"stat.killEntity.firedragon":1,"stat.mineBlock.minecraft.stone":723}