{"stat.useItem.minecraft.painting":2,"stat.pickup.iceandfire.fire_dragon_flesh":11,"stat.pickup.iceandfire.ice_dragon_blood":2,"stat.leaveGame":7,"stat.pickup.securitycraft.reinforced_logs2":64,"stat.pickup.tombstone.familiar_stone":4,"stat.killEntity.PigZombie":5,"stat.mineBlock.minecraft.web":3,"stat.useItem.elevatorid.elevator_white":8,"stat.entityKilledBy.PigZombie":1,"stat.mineBlock.astralsorcery.blockcustomflower":2,"stat.pickup.minecraft.rotten_flesh":70,"stat.craftItem.minecraft.stone_axe":1,"stat.pickup.iceandfire.chared_cobblestone":2,"stat.killEntity.Enderman":1,"stat.pickup.minecraft.leather_boots":2,"stat.killEntity.Witch":7,"stat.drop.minecraft.sand":1,"stat.useItem.minecraft.iron_pickaxe":988,"stat.craftItem.minecraft.wooden_pickaxe":1,"stat.useItem.minecraft.iron_shovel":255,"stat.craftItem.minecraft.bed":1,"stat.craftItem.minecraft.glass_pane":32,"stat.furnaceInteraction":40,"stat.drop.minecraft.gravel":10,"stat.pickup.chilean_craft.canedecabra":8,"stat.killEntity.ZombieVillager":17,"stat.pickup.minecraft.nether_brick":1,"stat.pickup.iceandfire.manuscript":12,"stat.drop.hammertime.itemhammerwood":2,"stat.craftItem.futuremc.dye":11,"stat.pickup.cgm.workbench":8,"stat.pickup.securitycraft.reinforced_planks":603,"stat.useItem.minecraft.flint_and_steel":1,"stat.mineBlock.astralsorcery.blockmarble":93,"stat.craftItem.securitycraft.laser_block":1,"stat.useItem.minecraft.dye":108,"stat.deaths":21,"stat.pickup.minecraft.bowl":1,"stat.craftItem.aquaculture.food":315,"stat.craftItem.minecraft.iron_pickaxe":1,"stat.pickup.minecraft.glass_pane":56,"stat.mineBlock.minecraft.tallgrass":105,"stat.craftItem.minecraft.cooked_mutton":13,"stat.fishCaught":3141,"stat.pickup.minecraft.cooked_mutton":6,"stat.chestOpened":265,"stat.useItem.minecraft.stone":254,"stat.pickup.minecraft.arrow":37,"stat.pickup.minecraft.iron_sword":3,"stat.pickup.minecraft.gold_nugget":85,"stat.pickup.minecraft.carrot":82,"stat.crouchOneCm":89764,"stat.mineBlock.minecraft.chest":9,"stat.craftItem.minecraft.diamond":9,"stat.craftItem.minecraft.iron_ingot":445,"stat.pickup.minecraft.painting":5,"stat.pickup.cgm.assault_rifle":1,"stat.craftItem.minecraft.hopper":4,"stat.craftingTableInteraction":94,"stat.pickup.iceandfire.silver_ore":10,"stat.pickup.cgm.silencer":2,"stat.pickup.iceandfire.ice_dragon_flesh":1,"stat.craftItem.packedup.goldbackpack":1,"stat.mineBlock.minecraft.log2":130,"stat.craftItem.minecraft.wooden_sword":4,"stat.pickup.minecraft.dye":49,"stat.pickup.minecraft.planks":53,"stat.pickup.minecraft.wheat_seeds":41,"stat.drop.iceandfire.fire_dragon_heart":1,"stat.pickup.chilean_craft.semilaparra":1,"stat.mineBlock.minecraft.dirt":259,"stat.pickup.minecraft.poisonous_potato":2,"stat.drop.chilean_craft.semillatomate":3,"stat.mineBlock.iceandfire.silver_ore":10,"stat.drop.minecraft.rotten_flesh":11,"stat.useItem.securitycraft.reinforced_glass_block":417,"stat.useItem.minecraft.cobblestone":487,"stat.mineBlock.minecraft.double_plant":3,"stat.craftItem.securitycraft.reinforced_planks":896,"stat.useItem.minecraft.golden_hoe":45,"stat.craftItem.hammertime.itemshoveldiamond":1,"stat.pickup.securitycraft.reinforced_stone":43,"stat.pickup.minecraft.iron_pickaxe":8,"stat.craftItem.minecraft.gold_ingot":4,"stat.killEntity.espnol":2,"stat.drop.minecraft.sapling":9,"stat.useItem.securitycraft.scanner_door_item":5,"stat.pickup.minecraft.apple":26,"stat.pickup.chilean_craft.maizsemilla":6,"stat.craftItem.minecraft.bucket":1,"stat.craftItem.minecraft.planks":828,"stat.useItem.minecraft.iron_sword":149,"stat.pickup.futuremc.cornflower":26,"stat.pickup.chilean_craft.copperingot":3,"stat.drop.futuremc.cornflower":9,"stat.pickup.securitycraft.reinforced_stairs_spruce":23,"stat.useItem.securitycraft.universal_block_remover":178,"stat.mineBlock.minecraft.log":140,"stat.pickup.iceandfire.dragonbone":52,"stat.craftItem.minecraft.paper":9,"stat.pickup.minecraft.red_flower":2,"stat.pickup.minecraft.wool":13,"stat.useItem.securitycraft.reinforced_stairs_spruce":419,"stat.craftItem.minecraft.diamond_leggings":1,"stat.useItem.minecraft.iron_axe":51,"stat.mineBlock.minecraft.cobblestone":57,"stat.pickup.minecraft.flint":1,"stat.pickup.iceandfire.ice_dragon_heart":1,"stat.mineBlock.iceandfire.chared_stone":26,"stat.craftItem.tombstone.grave_key":1,"stat.entityKilledBy.Witch":1,"stat.mineBlock.minecraft.concrete":8,"stat.drop.aquaculture.fish":23,"stat.useItem.minecraft.concrete_powder":7,"stat.pickup.minecraft.enchanted_book":8,"stat.drop.aquaculture.loot":1,"stat.drop.minecraft.cobblestone":209,"stat.useItem.minecraft.stone_slab2":2702,"stat.pickup.minecraft.bow":4,"stat.drop.securitycraft.reinforced_stone":1,"stat.killEntity.Piranha":4,"stat.craftItem.minecraft.furnace":2,"stat.craftItem.minecraft.lapis_block":2,"stat.craftItem.minecraft.iron_boots":1,"stat.craftItem.scalinghealth.heartcontainer":1,"stat.mineBlock.minecraft.clay":1,"stat.pickup.minecraft.diamond_leggings":1,"stat.flyOneCm":1698284,"stat.pickup.minecraft.fish":21,"stat.pickup.mowziesmobs.glowing_jelly":1,"stat.timeSinceDeath":4295,"stat.craftItem.minecraft.iron_block":57,"stat.pickup.cgm.basic_ammo":1479,"stat.useItem.minecraft.potato":115,"stat.pickup.minecraft.nether_wart":29,"stat.craftItem.minecraft.concrete_powder":8,"stat.killEntity.Wolf":1,"stat.mineBlock.minecraft.coal_ore":120,"stat.killEntity.Creeper":87,"stat.talkedToVillager":4,"stat.pickup.hammertime.itemhammerwood":4,"stat.pickup.minecraft.wooden_sword":2,"stat.pickup.minecraft.string":11,"stat.craftItem.packedup.basicbackpack":1,"stat.pickup.cgm.advanced_ammo":112,"stat.pickup.tombstone.crafting_ingredient":37,"stat.killEntity.Squid":2,"stat.sprintOneCm":991476,"stat.useItem.tombstone.magic_scroll":5,"stat.useItem.minecraft.snowball":2,"stat.mineBlock.minecraft.diamond_ore":67,"stat.mineBlock.futuremc.grindstone":1,"stat.useItem.securitycraft.keypad_item":1,"stat.craftItem.iceandfire.armor_gray_helmet":1,"stat.pickup.minecraft.sugar":2,"stat.useItem.minecraft.wooden_sword":179,"stat.useItem.minecraft.diamond_ore":3,"stat.killEntity.Zombie":113,"stat.pickup.minecraft.snowball":77,"stat.craftItem.minecraft.dye":200,"stat.craftItem.minecraft.diamond_axe":2,"stat.mineBlock.minecraft.gold_ore":6,"stat.diveOneCm":73644,"stat.drop.minecraft.diamond_pickaxe":1,"stat.pickup.securitycraft.reinforced_logs":67,"stat.pickup.iceandfire.dragonscales_bronze":94,"stat.drop.iceandfire.dragonscales_gray":13,"stat.pickup.minecraft.obsidian":34,"stat.useItem.securitycraft.sentry":17,"stat.pickup.iceandfire.frozen_dirt":4,"stat.useItem.minecraft.rotten_flesh":2,"stat.jump":8322,"stat.pickup.minecraft.coal":173,"stat.pickup.minecraft.iron_ingot":475,"stat.pickup.minecraft.gunpowder":48,"stat.drop.minecraft.wooden_sword":1,"stat.pickup.cgm.chain_gun":1,"stat.craftItem.minecraft.torch":8,"stat.pickup.minecraft.dirt":782,"stat.drop.minecraft.iron_shovel":1,"stat.pickup.iceandfire.fire_dragon_heart":3,"stat.mineBlock.chilean_craft.gredaa":6,"stat.useItem.minecraft.sapling":2,"stat.pickup.minecraft.gold_ore":6,"stat.mineBlock.minecraft.lapis_ore":4,"stat.pickup.minecraft.iron_axe":3,"stat.pickup.minecraft.cookie":12,"stat.damageTaken":16705,"stat.drop.chilean_craft.maizsemilla":1,"stat.mineBlock.minecraft.red_flower":3,"stat.mineBlock.minecraft.torch":25,"stat.pickup.minecraft.ender_eye":10,"stat.useItem.securitycraft.reinforced_stone":773,"stat.pickup.minecraft.log2":233,"stat.craftItem.cgm.workbench":1,"stat.pickup.minecraft.bed":7,"stat.pickup.minecraft.concrete":8,"stat.pickup.securitycraft.reinforced_wood_slabs":8,"stat.useItem.securitycraft.reinforced_stone_slabs":16,"stat.pickup.minecraft.potato":103,"stat.pickup.minecraft.diamond_axe":4,"stat.craftItem.securitycraft.universal_block_reinforcer_lvl1":1,"stat.drop.chilean_craft.semillauva":4,"stat.useItem.minecraft.chest":12,"stat.pickup.minecraft.diamond_pickaxe":1,"stat.useItem.minecraft.lava_bucket":76,"stat.pickup.iceandfire.dread_shard":2,"stat.pickup.futuremc.grindstone":1,"stat.useItem.tombstone.gift":3,"stat.useItem.securitycraft.reinforced_spruce_fence":101,"stat.craftItem.minecraft.iron_chestplate":1,"stat.craftItem.hammertime.itemhammerdiamond":1,"stat.pickup.minecraft.baked_potato":502,"stat.killEntity.if_troll":1,"stat.pickup.scalinghealth.heartcontainer":2,"stat.entityKilledBy.icedragon":3,"stat.mineBlock.scalinghealth.crystalore":1,"stat.pickup.minecraft.ender_pearl":21,"stat.drop.iceandfire.frozen_dirt":2,"stat.pickup.mutantbeasts.hulk_hammer":1,"stat.pickup.cgm.grenade_launcher":1,"stat.killEntity.stymphalianbird":1,"stat.mobKills":434,"stat.drop.tombstone.magic_scroll":2,"stat.craftItem.minecraft.shears":1,"stat.pickup.minecraft.diamond":181,"stat.pickup.minecraft.torch":30,"stat.pickup.securitycraft.reinforced_stairs_darkoak":10,"stat.pickup.astralsorcery.blockmarble":103,"stat.killEntity.firedragon":2,"tombstone:steal_effect":184,"stat.pickup.chilean_craft.gredaball":24,"stat.useItem.iceandfire.fire_dragon_flesh":2,"stat.useItem.aquaculture.food":1,"stat.craftItem.minecraft.iron_axe":1,"stat.killEntity.Blaze":8,"stat.killEntity.mutantbeasts.mutant_skeleton":1,"stat.pickup.astralsorcery.itemconstellationpaper":9,"stat.useItem.minecraft.planks":7,"stat.useItem.tombstone.familiar_stone":6,"stat.pickup.minecraft.glowstone_dust":2,"stat.pickup.minecraft.glass":51,"stat.pickup.iceandfire.stymphalian_bird_feather":2,"stat.useItem.minecraft.water_bucket":47,"stat.mineBlock.minecraft.nether_brick_fence":1,"stat.pickup.minecraft.sand":7,"stat.useItem.futuremc.cornflower":1,"stat.pickup.iceandfire.troll_leather_forest":4,"stat.killEntity.Mimic":2,"stat.pickup.chilean_craft.cebollafruit":8,"stat.entityKilledBy.firedragon":1,"stat.pickup.minecraft.chainmail_chestplate":1,"stat.mineBlock.minecraft.sand":5,"stat.pickup.securitycraft.reinforced_cobblestone":955,"stat.craftItem.minecraft.cooked_fish":1,"stat.hopperInspected":27,"stat.useItem.securitycraft.reinforced_cobblestone":1556,"stat.pickup.chilean_craft.semillatomate":4,"stat.pickup.iceandfire.dragon_skull":10,"stat.mineBlock.futuremc.cornflower":13,"stat.pickup.minecraft.furnace":10,"stat.useItem.minecraft.cooked_mutton":7,"stat.drop.iceandfire.dragon_skull":1,"stat.pickup.aquaculture.loot":169,"stat.mineBlock.cgm.workbench":8,"stat.craftItem.aquaculture.diamond_fishing_rod":1,"stat.pickup.tombstone.magic_scroll":6,"stat.useItem.minecraft.hopper":3,"stat.drop.minecraft.snowball":1,"stat.pickup.minecraft.saddle":1,"stat.mineBlock.minecraft.soul_sand":20,"stat.craftItem.hammertime.itemhammerwood":3,"stat.playOneMinute":740020,"stat.pickup.minecraft.blaze_rod":4,"stat.craftItem.eplus.advanced_table":1,"stat.craftItem.minecraft.diamond_block":6,"stat.pickup.minecraft.netherrack":13,"stat.useItem.hammertime.itemshoveldiamond":3,"stat.useItem.minecraft.fish":8,"stat.recordPlayed":2,"stat.mineBlock.minecraft.netherrack":15,"stat.useItem.securitycraft.reinforced_logs":228,"stat.craftItem.minecraft.iron_nugget":720,"stat.fallOneCm":208187,"stat.drop.minecraft.stone":36,"stat.drop.minecraft.dye":1,"stat.craftItem.minecraft.chest":25,"stat.craftItem.iceandfire.armor_gray_leggings":1,"stat.drop.minecraft.bone":2,"stat.useItem.minecraft.furnace":4,"stat.useItem.securitycraft.reinforced_wood_slabs":112,"stat.pickup.minecraft.iron_leggings":1,"stat.pickup.aquaculture.fish":289,"stat.mineBlock.minecraft.gravel":20,"stat.useItem.minecraft.stone_pickaxe":130,"stat.craftItem.minecraft.iron_leggings":1,"stat.craftItem.iceandfire.armor_gray_boots":1,"stat.pickup.iceandfire.dragon_ice_spikes":1,"stat.pickup.minecraft.chainmail_boots":1,"stat.pickup.securitycraft.scanner_door_item":9,"stat.drop.minecraft.stick":4,"stat.useItem.minecraft.torch":114,"stat.pickup.minecraft.golden_apple":1,"stat.useItem.securitycraft.reinforced_stairs_darkoak":141,"stat.drop.tombstone.crafting_ingredient":8,"stat.pickup.minecraft.iron_nugget":20,"stat.craftItem.minecraft.redstone_block":14,"stat.pickup.minecraft.crafting_table":12,"stat.drop.minecraft.tallgrass":2,"stat.craftItem.minecraft.crafting_table":7,"stat.useItem.chilean_craft.c2":9,"stat.killEntity.LavaSlime":1,"stat.pickup.minecraft.iron_hoe":1,"stat.pickup.minecraft.log":133,"stat.useItem.minecraft.cooked_fish":1,"stat.pickup.minecraft.tallgrass":3,"stat.drop.minecraft.planks":26,"stat.pickup.minecraft.web":9,"stat.pickup.chilean_craft.semillauva":5,"stat.pickup.minecraft.sapling":27,"stat.pickup.iceandfire.dragonscales_gray":41,"stat.craftItem.iceandfire.bestiary":1,"stat.drop.minecraft.bow":2,"stat.mineBlock.iceandfire.goldpile":1,"stat.useItem.mutantbeasts.hulk_hammer":10,"stat.pickup.minecraft.diamond_helmet":3,"stat.killEntity.WitherSkeleton":1,"stat.killEntity.mutantbeasts.mutant_enderman":2,"stat.mineBlock.iceandfire.dragon_ice_spikes":1,"stat.sneakTime":26114,"stat.useItem.minecraft.baked_potato":69,"stat.pickup.securitycraft.reinforced_spruce_fence":2,"stat.pickup.minecraft.yellow_flower":1,"stat.pickup.mutantbeasts.creeper_shard":5,"stat.pickup.minecraft.chest":6,"stat.useItem.minecraft.web":2,"stat.craftItem.minecraft.enchanting_table":1,"stat.craftItem.minecraft.diamond_chestplate":1,"stat.drop.iceandfire.ice_dragon_heart":1,"stat.pickup.minecraft.bone":125,"stat.craftItem.packedup.ironbackpack":1,"stat.useItem.minecraft.log2":10,"stat.pickup.securitycraft.sentry":2,"stat.useItem.minecraft.diamond_sword":578,"stat.drop.minecraft.iron_nugget":8,"stat.craftItem.minecraft.diamond_helmet":1,"stat.swimOneCm":79079,"stat.craftItem.minecraft.gold_block":19,"stat.useItem.minecraft.dirt":81,"stat.entityKilledBy.mutantbeasts.mutant_enderman":1,"stat.drop.minecraft.web":9,"stat.useItem.minecraft.iron_ore":159,"stat.craftItem.minecraft.stone_pickaxe":1,"stat.pickup.minecraft.cobblestone":3124,"stat.mineBlock.minecraft.carpet":1,"stat.pickup.minecraft.soul_sand":20,"stat.pickup.minecraft.glass_bottle":3,"stat.mineBlock.chilean_craft.copperore":2,"stat.useItem.securitycraft.reinforced_planks":1442,"stat.drop.astralsorcery.itemconstellationpaper":6,"stat.drop.minecraft.wheat_seeds":3,"stat.pickup.minecraft.redstone":58,"stat.mineBlock.minecraft.iron_ore":353,"stat.drop.minecraft.log":1,"stat.pickup.minecraft.mutton":19,"stat.mineBlock.chilean_craft.copihue":1,"stat.drop.minecraft.dirt":197,"stat.pickup.minecraft.iron_shovel":1,"stat.useItem.minecraft.cooked_porkchop":3,"stat.pickup.minecraft.carpet":1,"stat.mineBlock.minecraft.nether_brick":1,"stat.useItem.astralsorcery.blockmarble":84,"stat.craftItem.minecraft.stone_slab2":0,"stat.killEntity.mutantbeasts.mutant_zombie":1,"stat.pickup.minecraft.paper":2,"stat.craftItem.minecraft.stick":48,"stat.craftItem.minecraft.stone":335,"stat.pickup.minecraft.grass":1,"stat.mineBlock.minecraft.crafting_table":14,"stat.useItem.minecraft.diamond_pickaxe":892,"stat.useItem.minecraft.carrot":6,"stat.drop.iceandfire.fire_dragon_flesh":2,"stat.craftItem.iceandfire.armor_gray_chestplate":1,"stat.pickup.minecraft.diamond_chestplate":6,"stat.entityKilledBy.Creeper":1,"stat.drop":115,"stat.killEntity.cyclops":1,"stat.killEntity.Sheep":8,"stat.entityKilledBy.mutantbeasts.mutant_creeper":2,"stat.craftItem.minecraft.diamond_pickaxe":1,"stat.craftItem.securitycraft.universal_block_remover":1,"stat.pickup.packedup.goldbackpack":4,"stat.craftItem.minecraft.jukebox":1,"stat.pickup.minecraft.gravel":40,"stat.useItem.minecraft.diamond_axe":240,"stat.pickup.minecraft.diamond_sword":10,"stat.pickup.minecraft.iron_helmet":2,"stat.pickup.scalinghealth.crystalshard":6,"stat.useItem.minecraft.stone_axe":63,"stat.pickup.minecraft.spider_eye":4,"stat.craftItem.minecraft.iron_helmet":1,"stat.pickup.minecraft.iron_ore":219,"stat.entityKilledBy.dread_scuttler":1,"stat.killEntity.mutantbeasts.mutant_creeper":4,"stat.mineBlock.minecraft.leaves2":4,"stat.pickup.minecraft.leather":3,"stat.drop.minecraft.iron_hoe":1,"stat.mineBlock.minecraft.furnace":8,"stat.useItem.minecraft.wooden_pickaxe":14,"stat.mineBlock.iceandfire.chared_cobblestone":17,"stat.pickup.minecraft.reeds":40,"stat.pickup.securitycraft.reinforced_stone_slabs":2,"tombstone:undead_killed":252,"stat.useItem.tombstone.grave_key":1,"stat.damageDealt":82518,"stat.sleepInBed":9,"stat.craftItem.minecraft.baked_potato":200,"stat.mineBlock.minecraft.nether_brick_stairs":2,"stat.craftItem.chilean_craft.c2":9,"stat.pickup.aquaculture.food":2,"stat.killEntity.cabra":5,"stat.walkOneCm":1408615,"stat.pickup.minecraft.stick":55,"stat.craftItem.chilean_craft.copperingot":1,"stat.pickup.minecraft.clay_ball":4,"stat.pickup.cgm.handgun":1,"stat.pickup.cgm.rifle":1,"stat.pickup.chilean_craft.copperore":2,"stat.drop.minecraft.diamond_axe":1,"stat.craftItem.minecraft.diamond_boots":2,"stat.useItem.scalinghealth.heartcontainer":10,"stat.pickup.minecraft.stone":1371,"stat.entityKilledBy.Piranha":2,"stat.pickup.minecraft.gold_ingot":27,"stat.killEntity.creepinochet":2,"stat.killEntity.Skeleton":114,"stat.pickup.minecraft.record_mall":1,"stat.pickup.cgm.shotgun":1,"stat.killEntity.Spider":11,"stat.useItem.minecraft.golden_apple":1,"stat.mineBlock.minecraft.leaves":5,"stat.mineBlock.minecraft.redstone_ore":2,"stat.craftItem.minecraft.coal_block":7,"stat.mineBlock.minecraft.stone":1142}