{"stat.chestOpened":4,"stat.pickup.minecraft.bone":4,"stat.useItem.minecraft.fish":3,"stat.useItem.minecraft.stone":2,"stat.pickup.minecraft.gravel":16,"stat.leaveGame":1,"stat.pickup.minecraft.arrow":3,"stat.mineBlock.minecraft.cobblestone":10,"stat.pickup.minecraft.flint":1,"stat.pickup.iceandfire.frozen_dirt":4,"stat.pickup.astralsorcery.itemconstellationpaper":9,"stat.mineBlock.minecraft.concrete":8,"stat.useItem.minecraft.rotten_flesh":2,"stat.craftItem.minecraft.iron_nugget":45,"stat.jump":1807,"stat.swimOneCm":13661,"stat.pickup.minecraft.coal":62,"stat.useItem.minecraft.concrete_powder":7,"stat.fallOneCm":53244,"stat.useItem.minecraft.planks":7,"stat.drop.minecraft.stone":2,"stat.pickup.minecraft.glowstone_dust":2,"stat.useItem.minecraft.stone_axe":63,"stat.pickup.minecraft.gunpowder":11,"stat.crouchOneCm":6301,"stat.pickup.minecraft.spider_eye":1,"stat.craftItem.minecraft.iron_ingot":65,"stat.pickup.minecraft.dirt":30,"stat.craftItem.minecraft.iron_helmet":1,"stat.useItem.minecraft.dirt":4,"stat.useItem.minecraft.stone_slab2":26,"stat.mineBlock.astralsorcery.blockcustomflower":2,"stat.pickup.cgm.assault_rifle":1,"stat.craftingTableInteraction":12,"stat.pickup.minecraft.iron_ore":98,"stat.pickup.minecraft.rotten_flesh":19,"stat.pickup.minecraft.sand":7,"stat.craftItem.minecraft.furnace":2,"stat.entityKilledBy.dread_scuttler":1,"stat.useItem.minecraft.sapling":2,"stat.craftItem.minecraft.stone_axe":1,"stat.craftItem.minecraft.iron_boots":1,"stat.damageTaken":3415,"stat.craftItem.minecraft.stone_pickaxe":1,"stat.mineBlock.minecraft.furnace":5,"stat.mineBlock.minecraft.red_flower":2,"stat.useItem.minecraft.wooden_pickaxe":14,"stat.useItem.minecraft.furnace":2,"stat.pickup.minecraft.cobblestone":136,"stat.mineBlock.minecraft.carpet":1,"stat.pickup.minecraft.dye":3,"stat.pickup.minecraft.reeds":5,"stat.craftItem.cgm.workbench":1,"stat.flyOneCm":396482,"tombstone:undead_killed":8,"stat.pickup.minecraft.concrete":8,"stat.mineBlock.minecraft.sand":5,"stat.pickup.minecraft.fish":5,"stat.drop.astralsorcery.itemconstellationpaper":6,"stat.mineBlock.minecraft.gravel":7,"stat.drop.minecraft.sand":1,"stat.useItem.minecraft.stone_pickaxe":130,"stat.craftItem.minecraft.iron_leggings":1,"stat.craftItem.minecraft.cooked_fish":1,"stat.damageDealt":3758,"stat.mineBlock.minecraft.iron_ore":98,"stat.timeSinceDeath":12985,"stat.pickup.iceandfire.dragon_ice_spikes":1,"stat.mineBlock.minecraft.dirt":32,"stat.useItem.minecraft.iron_pickaxe":205,"stat.craftItem.minecraft.wooden_pickaxe":1,"stat.craftItem.chilean_craft.c2":9,"stat.killEntity.cabra":5,"stat.walkOneCm":103893,"stat.pickup.cgm.basic_ammo":128,"stat.drop.minecraft.rotten_flesh":5,"stat.pickup.minecraft.crafting_table":4,"stat.useItem.minecraft.cobblestone":74,"stat.craftItem.minecraft.crafting_table":1,"stat.furnaceInteraction":21,"stat.drop.minecraft.gravel":6,"stat.craftItem.minecraft.concrete_powder":8,"stat.drop.minecraft.dirt":3,"stat.pickup.minecraft.carpet":1,"stat.pickup.chilean_craft.canedecabra":8,"stat.pickup.iceandfire.dragon_skull":1,"stat.mineBlock.minecraft.coal_ore":62,"stat.useItem.chilean_craft.c2":5,"stat.killEntity.Creeper":9,"stat.pickup.iceandfire.dread_shard":2,"stat.talkedToVillager":3,"stat.pickup.minecraft.log":24,"stat.useItem.minecraft.cooked_fish":1,"stat.useItem.astralsorcery.blockmarble":1,"stat.pickup.minecraft.iron_pickaxe":1,"stat.useItem.tombstone.gift":1,"stat.pickup.minecraft.furnace":5,"stat.pickup.tombstone.crafting_ingredient":5,"stat.craftItem.minecraft.stone_slab2":0,"stat.mineBlock.cgm.workbench":4,"stat.pickup.minecraft.stone":8,"stat.craftItem.minecraft.iron_chestplate":1,"stat.entityKilledBy.Piranha":1,"stat.entityKilledBy.icedragon":3,"stat.pickup.minecraft.sapling":7,"stat.killEntity.Squid":1,"stat.pickup.minecraft.ender_pearl":2,"stat.sprintOneCm":150622,"stat.drop.iceandfire.frozen_dirt":2,"stat.pickup.cgm.workbench":4,"stat.craftItem.minecraft.stick":12,"stat.pickup.tombstone.magic_scroll":1,"stat.killEntity.Skeleton":2,"stat.craftItem.minecraft.planks":28,"stat.useItem.minecraft.snowball":2,"stat.mineBlock.minecraft.crafting_table":5,"stat.killEntity.Spider":2,"stat.mineBlock.astralsorcery.blockmarble":6,"stat.drop.minecraft.snowball":1,"stat.mobKills":29,"stat.mineBlock.minecraft.log":24,"stat.pickup.iceandfire.dragonbone":14,"stat.deaths":8,"stat.drop":17,"stat.playOneMinute":77637,"stat.mineBlock.iceandfire.dragon_ice_spikes":1,"stat.pickup.minecraft.red_flower":2,"stat.sneakTime":2654,"stat.craftItem.minecraft.iron_pickaxe":1,"stat.pickup.astralsorcery.blockmarble":6,"stat.killEntity.Zombie":6,"stat.pickup.minecraft.snowball":77,"stat.craftItem.minecraft.dye":8,"stat.pickup.minecraft.yellow_flower":1,"stat.mineBlock.minecraft.stone":131,"stat.mineBlock.minecraft.tallgrass":4,"stat.diveOneCm":25191}