{"stat.chestOpened":27,"stat.drop.minecraft.stone_pickaxe":1,"stat.pickup.minecraft.bone":20,"stat.useItem.minecraft.fish":1,"stat.useItem.minecraft.iron_axe":25,"stat.pickup.minecraft.gravel":137,"stat.leaveGame":1,"stat.pickup.minecraft.iron_sword":3,"stat.pickup.minecraft.stone_pickaxe":20,"stat.useItem.futuremc.lily_of_the_valley":1,"stat.killEntity.Anthermite":1,"stat.jump":878,"stat.swimOneCm":5755,"stat.pickup.minecraft.coal":2,"stat.pickup.minecraft.iron_helmet":45,"stat.fallOneCm":19633,"stat.pickup.minecraft.iron_ingot":229,"stat.pickup.minecraft.carrot":20,"stat.pickup.minecraft.glowstone_dust":14,"stat.useItem.minecraft.stone_axe":64,"stat.pickup.minecraft.porkchop":252,"stat.pickup.minecraft.gunpowder":222,"stat.crouchOneCm":1172,"stat.mineBlock.minecraft.chest":1,"stat.craftItem.minecraft.iron_ingot":1,"stat.craftItem.minecraft.chest":1,"stat.pickup.minecraft.dirt":42,"stat.useItem.minecraft.dirt":5,"stat.craftItem.minecraft.iron_helmet":1,"stat.useItem.minecraft.stone_slab2":17,"stat.mineBlock.futuremc.lily_of_the_valley":3,"stat.killEntity.Piranha":3,"stat.pickup.minecraft.iron_boots":7,"stat.craftingTableInteraction":8,"stat.pickup.minecraft.iron_ore":1,"stat.pickup.minecraft.rotten_flesh":124,"stat.pickup.minecraft.sand":76,"stat.craftItem.minecraft.furnace":1,"stat.pickup.minecraft.iron_axe":5,"stat.craftItem.minecraft.stone_axe":1,"stat.craftItem.minecraft.iron_boots":1,"stat.pickup.minecraft.leather":6,"stat.damageTaken":3490,"stat.pickup.minecraft.feather":1,"stat.pickup.iceandfire.witherbone":15,"stat.craftItem.minecraft.stone_pickaxe":1,"stat.mineBlock.minecraft.furnace":2,"stat.mineBlock.minecraft.torch":2,"stat.useItem.minecraft.wooden_pickaxe":12,"stat.pickup.minecraft.cobblestone":96,"stat.pickup.minecraft.dye":80,"stat.killEntity.if_cockatrice":1,"stat.pickup.minecraft.iron_leggings":6,"stat.flyOneCm":242087,"stat.pickup.minecraft.bed":16,"tombstone:undead_killed":44,"stat.pickup.minecraft.wheat_seeds":35,"stat.mineBlock.minecraft.sand":8,"stat.pickup.minecraft.potato":3,"stat.pickup.minecraft.fish":15,"stat.drop.minecraft.wheat_seeds":1,"stat.entityKilledBy.Zombie":6,"stat.mineBlock.minecraft.gravel":2,"stat.useItem.minecraft.stone_pickaxe":61,"stat.craftItem.minecraft.iron_leggings":1,"stat.damageDealt":6010,"stat.pickup.minecraft.redstone":24,"stat.mineBlock.minecraft.iron_ore":1,"stat.sleepInBed":2,"stat.timeSinceDeath":1002,"stat.mineBlock.minecraft.dirt":10,"stat.useItem.minecraft.crafting_table":1,"stat.craftItem.minecraft.wooden_pickaxe":1,"stat.killEntity.Pig":2,"stat.entityKilledBy.if_cockatrice":3,"stat.pickup.chilean_craft.semillatomate":31,"stat.walkOneCm":91794,"stat.drop.minecraft.rotten_flesh":3,"stat.pickup.minecraft.crafting_table":17,"stat.craftItem.minecraft.crafting_table":1,"stat.furnaceInteraction":8,"stat.mineBlock.minecraft.double_plant":1,"stat.useItem.minecraft.lava_bucket":2,"stat.mineBlock.minecraft.coal_ore":2,"stat.pickup.cgm.rifle":1,"stat.talkedToVillager":3,"stat.pickup.minecraft.log":83,"stat.pickup.minecraft.string":85,"stat.craftItem.packedup.basicbackpack":1,"stat.pickup.iceandfire.manuscript":56,"stat.pickup.chilean_craft.caballlo":12,"stat.useItem.astralsorcery.blockmarble":2,"stat.pickup.minecraft.iron_pickaxe":3,"stat.pickup.minecraft.furnace":18,"stat.useItem.tombstone.gift":1,"stat.pickup.tombstone.crafting_ingredient":23,"stat.useItem.minecraft.milk_bucket":1,"stat.craftItem.minecraft.stone_slab2":0,"stat.craftItem.minecraft.iron_chestplate":1,"stat.pickup.minecraft.chicken":3,"stat.pickup.chilean_craft.semillauva":1,"stat.pickup.minecraft.sapling":32,"stat.killEntity.Squid":1,"stat.sprintOneCm":72995,"stat.pickup.minecraft.iron_chestplate":6,"stat.pickup.minecraft.apple":7,"stat.craftItem.minecraft.stick":8,"stat.pickup.tombstone.magic_scroll":1,"stat.killEntity.Skeleton":1,"stat.killEntity.Horse":1,"stat.pickup.chilean_craft.maizsemilla":19,"stat.craftItem.minecraft.planks":20,"stat.useItem.minecraft.iron_sword":14,"stat.pickup.futuremc.lily_of_the_valley":3,"stat.mineBlock.minecraft.crafting_table":3,"stat.killEntity.Spider":1,"stat.useItem.chilean_craft.caballo32":5,"stat.mineBlock.astralsorcery.blockmarble":4,"stat.useItem.minecraft.carrot":10,"stat.pickup.astralsorcery.itemcraftingcomponent":14,"stat.mobKills":58,"stat.pickup.minecraft.book":21,"stat.mineBlock.minecraft.log":86,"stat.mineBlock.minecraft.bookshelf":7,"stat.useItem.minecraft.golden_apple":2,"stat.deaths":10,"stat.drop":4,"stat.pickup.packedup.basicbackpack":22,"stat.playOneMinute":41042,"stat.pickup.minecraft.torch":3,"stat.sneakTime":624,"stat.pickup.astralsorcery.blockmarble":4,"stat.craftItem.chilean_craft.caballo32":12,"stat.killEntity.Zombie":35,"stat.craftItem.minecraft.dye":9,"stat.pickup.chilean_craft.caballo32":448,"stat.mineBlock.minecraft.stone":26,"stat.mineBlock.minecraft.tallgrass":19,"stat.diveOneCm":10397,"stat.pickup.minecraft.chest":1}