{"stat.chestOpened":27,"stat.killEntity.cabra":1,"stat.walkOneCm":39656,"stat.pickup.minecraft.bone":13,"stat.drop.iceandfire.frozen_stone":8,"stat.drop.minecraft.wooden_pickaxe":1,"stat.pickup.minecraft.crafting_table":2,"stat.craftItem.minecraft.crafting_table":1,"stat.pickup.iceandfire.frozen_cobblestone":23,"stat.pickup.chilean_craft.canedecabra":2,"stat.pickup.iceandfire.frozen_stone":47,"stat.pickup.iceandfire.frozen_dirt":2,"stat.pickup.iceandfire.dread_shard":2,"stat.pickup.chilean_craft.copperore":2,"stat.pickup.minecraft.log":4,"stat.pickup.iceandfire.manuscript":5,"stat.pickup.minecraft.string":2,"stat.pickup.iceandfire.silver_nugget":10,"stat.jump":692,"stat.swimOneCm":363,"stat.fallOneCm":30956,"stat.pickup.minecraft.iron_ingot":8,"stat.useItem.astralsorcery.blockmarble":1,"stat.useItem.tombstone.gift":1,"stat.drop.minecraft.iron_ore":1,"stat.pickup.minecraft.glowstone_dust":7,"stat.drop.chilean_craft.copperore":1,"stat.pickup.minecraft.gunpowder":6,"stat.crouchOneCm":63,"stat.pickup.minecraft.dirt":5,"stat.useItem.minecraft.dirt":4,"stat.sprintOneCm":86024,"stat.pickup.chilean_craft.eres":1,"stat.mineBlock.astralsorcery.blockcustomflower":7,"stat.useItem.minecraft.stone_slab2":5,"stat.craftItem.minecraft.stick":8,"stat.craftItem.minecraft.wooden_axe":1,"stat.craftingTableInteraction":2,"stat.pickup.minecraft.iron_ore":7,"stat.entityKilledBy.mutantbeasts.mutant_skeleton":1,"stat.pickup.minecraft.gold_ore":1,"stat.craftItem.minecraft.planks":16,"stat.damageTaken":1664,"stat.mineBlock.minecraft.crafting_table":2,"stat.mineBlock.astralsorcery.blockmarble":2,"stat.pickup.iceandfire.chain_link":9,"stat.mineBlock.minecraft.red_flower":1,"stat.craftItem.minecraft.stone_pickaxe":1,"stat.useItem.minecraft.wooden_pickaxe":13,"stat.pickup.minecraft.cobblestone":3,"stat.mobKills":1,"stat.mineBlock.minecraft.log":4,"stat.pickup.iceandfire.sapphire_gem":5,"stat.useItem.chilean_craft.canedecabra":2,"stat.flyOneCm":200698,"stat.deaths":5,"stat.drop":5,"stat.playOneMinute":18138,"stat.useItem.minecraft.stone_pickaxe":2,"stat.pickup.minecraft.red_flower":1,"stat.sneakTime":8,"stat.damageDealt":133,"stat.pickup.astralsorcery.blockmarble":11,"stat.mineBlock.chilean_craft.eres":1,"stat.timeSinceDeath":1736,"stat.useItem.minecraft.wooden_axe":4,"stat.mineBlock.minecraft.dirt":5,"stat.drop.iceandfire.frozen_cobblestone":4,"stat.craftItem.minecraft.wooden_pickaxe":1,"stat.mineBlock.minecraft.stone":3,"stat.pickup.minecraft.packed_ice":1,"stat.mineBlock.minecraft.tallgrass":1,"stat.pickup.minecraft.chest":1}