{"stat.chestOpened":27,"stat.drop.minecraft.stone_pickaxe":1,"stat.killEntity.cabra":2,"stat.walkOneCm":55885,"stat.pickup.minecraft.bone":13,"stat.drop.iceandfire.frozen_stone":8,"stat.drop.minecraft.wooden_pickaxe":1,"stat.useItem.minecraft.iron_axe":11,"stat.pickup.minecraft.arrow":1,"stat.pickup.minecraft.crafting_table":3,"stat.pickup.minecraft.stone_pickaxe":1,"stat.craftItem.minecraft.crafting_table":1,"stat.pickup.iceandfire.frozen_cobblestone":23,"stat.craftItem.minecraft.iron_axe":1,"stat.pickup.chilean_craft.canedecabra":4,"stat.useItem.iceandfire.silver_sword":6,"stat.pickup.iceandfire.frozen_stone":47,"stat.pickup.iceandfire.frozen_dirt":2,"stat.pickup.iceandfire.dread_shard":2,"stat.pickup.chilean_craft.copperore":2,"stat.pickup.minecraft.log":4,"stat.pickup.iceandfire.manuscript":5,"stat.pickup.minecraft.string":2,"stat.pickup.iceandfire.silver_nugget":10,"stat.jump":1232,"stat.swimOneCm":363,"stat.pickup.minecraft.iron_helmet":1,"stat.fallOneCm":51831,"stat.pickup.minecraft.iron_ingot":8,"stat.useItem.astralsorcery.blockmarble":1,"stat.useItem.tombstone.gift":1,"stat.drop.minecraft.iron_ore":1,"stat.pickup.minecraft.glowstone_dust":13,"stat.drop.chilean_craft.copperore":1,"stat.pickup.minecraft.gunpowder":6,"stat.crouchOneCm":203,"stat.entityKilledBy.icedragon":1,"stat.pickup.minecraft.sapling":2,"stat.pickup.minecraft.dirt":5,"stat.useItem.minecraft.dirt":4,"stat.sprintOneCm":158601,"stat.pickup.chilean_craft.eres":1,"stat.mineBlock.astralsorcery.blockcustomflower":12,"stat.useItem.minecraft.stone_slab2":8,"stat.craftItem.minecraft.stick":12,"stat.craftItem.minecraft.wooden_axe":1,"stat.craftingTableInteraction":5,"stat.pickup.minecraft.iron_ore":7,"stat.pickup.minecraft.rotten_flesh":2,"stat.entityKilledBy.mutantbeasts.mutant_skeleton":1,"stat.pickup.minecraft.gold_ore":1,"stat.entityKilledBy.Spider":1,"stat.craftItem.minecraft.planks":16,"stat.damageTaken":3071,"stat.mineBlock.minecraft.crafting_table":3,"stat.mineBlock.astralsorcery.blockmarble":13,"stat.pickup.iceandfire.chain_link":9,"stat.mineBlock.minecraft.red_flower":1,"stat.craftItem.minecraft.stone_pickaxe":1,"stat.useItem.minecraft.wooden_pickaxe":13,"stat.pickup.minecraft.cobblestone":3,"stat.mobKills":3,"stat.mineBlock.minecraft.log":4,"stat.pickup.iceandfire.sapphire_gem":5,"stat.useItem.chilean_craft.canedecabra":3,"stat.flyOneCm":362810,"stat.drop.minecraft.iron_helmet":1,"stat.deaths":10,"tombstone:undead_killed":1,"stat.drop":9,"stat.pickup.minecraft.wheat_seeds":3,"stat.playOneMinute":30738,"stat.drop.minecraft.wheat_seeds":1,"stat.useItem.minecraft.stone_pickaxe":14,"stat.pickup.minecraft.red_flower":1,"stat.sneakTime":112,"stat.craftItem.minecraft.iron_pickaxe":1,"stat.damageDealt":1035,"stat.pickup.astralsorcery.blockmarble":17,"stat.mineBlock.chilean_craft.eres":1,"stat.killEntity.Zombie":1,"stat.timeSinceDeath":1078,"stat.useItem.minecraft.wooden_axe":4,"stat.mineBlock.minecraft.dirt":5,"stat.drop.iceandfire.frozen_cobblestone":4,"stat.useItem.iceandfire.frozen_cobblestone":1,"stat.craftItem.minecraft.wooden_pickaxe":1,"stat.mineBlock.minecraft.stone":3,"stat.pickup.minecraft.packed_ice":1,"stat.mineBlock.minecraft.tallgrass":1,"stat.drop.minecraft.wooden_axe":1,"stat.pickup.minecraft.chest":1,"stat.pickup.chilean_craft.gredaball":8}