{"stat.drop.minecraft.stone_pickaxe":1,"stat.drop.astralsorcery.blockmarble":13,"stat.drop.iceandfire.ice_dragon_heart":1,"stat.pickup.minecraft.bone":13,"stat.useItem.minecraft.iron_axe":131,"stat.drop.iceandfire.ice_dragon_blood":1,"stat.leaveGame":4,"stat.pickup.minecraft.stone_pickaxe":1,"stat.pickup.iceandfire.ice_dragon_heart":3,"stat.entityKilledBy.Witch":1,"stat.craftItem.minecraft.iron_axe":1,"stat.drop.chilean_craft.cebollafruit":3,"stat.swimOneCm":4048,"stat.useItem.minecraft.planks":1,"stat.pickup.minecraft.glowstone_dust":35,"stat.useItem.minecraft.dirt":41,"stat.mineBlock.astralsorcery.blockcustomflower":34,"stat.useItem.minecraft.stone_slab2":29,"stat.drop.iceandfire.silver_sword":1,"stat.pickup.minecraft.iron_boots":1,"stat.useItem.minecraft.water_bucket":1,"stat.pickup.minecraft.rotten_flesh":4,"stat.pickup.minecraft.sand":3,"stat.craftItem.minecraft.furnace":1,"stat.craftItem.iceandfire.dread_torch":4,"stat.entityKilledBy.Spider":1,"stat.pickup.iceandfire.chain_link":9,"stat.craftItem.minecraft.stone_pickaxe":1,"stat.craftItem.iceandfire.armor_blue_leggings":1,"stat.killEntity.Mimic":1,"stat.pickup.minecraft.cobblestone":14,"stat.pickup.iceandfire.dragonegg_white":1,"stat.mineBlock.minecraft.carpet":8,"stat.killEntity.icedragon":2,"stat.pickup.futuremc.sweet_berries":1,"stat.craftItem.iceandfire.armor_blue_helmet":1,"stat.flyOneCm":860427,"stat.drop.minecraft.iron_helmet":1,"stat.craftItem.minecraft.glass_bottle":3,"stat.pickup.chilean_craft.cebollafruit":3,"stat.craftItem.minecraft.iron_shovel":1,"stat.mineBlock.minecraft.sand":3,"stat.drop.minecraft.wheat_seeds":6,"stat.craftItem.iceandfire.armor_silver_boots":1,"stat.pickup.iceandfire.frozen_grass":3,"stat.timeSinceDeath":1742,"stat.craftItem.iceandfire.dragon_horn":1,"stat.mineBlock.iceandfire.dread_torch":1,"stat.useItem.minecraft.iron_pickaxe":23,"stat.useItem.minecraft.sign":1,"stat.craftItem.minecraft.wooden_pickaxe":1,"stat.pickup.minecraft.packed_ice":1,"stat.pickup.iceandfire.dragonscales_silver":24,"stat.useItem.minecraft.iron_shovel":91,"stat.pickup.chilean_craft.semillatomate":2,"stat.drop.iceandfire.frozen_stone":8,"stat.pickup.iceandfire.frozen_cobblestone":23,"stat.furnaceInteraction":9,"stat.drop.minecraft.dirt":28,"stat.pickup.minecraft.iron_shovel":1,"stat.pickup.minecraft.carpet":3,"stat.pickup.chilean_craft.canedecabra":9,"stat.pickup.iceandfire.dragon_skull":6,"stat.mineBlock.minecraft.coal_ore":3,"stat.pickup.iceandfire.frozen_stone":47,"stat.pickup.iceandfire.manuscript":5,"stat.pickup.minecraft.string":4,"stat.mineBlock.chilean_craft.cardo":1,"stat.useItem.astralsorcery.blockmarble":3,"stat.pickup.minecraft.furnace":3,"stat.craftItem.minecraft.stone_slab2":0,"stat.sprintOneCm":406282,"stat.pickup.chilean_craft.eres":1,"stat.pickup.minecraft.iron_chestplate":1,"stat.craftItem.minecraft.stick":20,"stat.craftItem.minecraft.wooden_axe":1,"stat.entityKilledBy.mutantbeasts.mutant_skeleton":1,"stat.pickup.chilean_craft.c3":2,"stat.mineBlock.minecraft.crafting_table":7,"stat.mineBlock.astralsorcery.blockmarble":13,"stat.deaths":28,"stat.mineBlock.minecraft.planks":1,"stat.drop":38,"stat.playOneMinute":103526,"stat.drop.tombstone.grave_key":2,"stat.pickup.tombstone.grave_key":1,"stat.craftItem.minecraft.iron_pickaxe":1,"stat.killEntity.Zombie":2,"stat.pickup.minecraft.snowball":2,"stat.useItem.iceandfire.frozen_cobblestone":1,"stat.mineBlock.minecraft.tallgrass":44,"stat.diveOneCm":1752,"stat.chestOpened":29,"stat.craftItem.minecraft.sign":3,"stat.drop.minecraft.wooden_pickaxe":1,"stat.pickup.minecraft.arrow":3,"stat.useItem.iceandfire.silver_sword":14,"stat.pickup.iceandfire.frozen_dirt":3,"stat.useItem.minecraft.rotten_flesh":4,"stat.pickup.iceandfire.silver_nugget":10,"stat.jump":3202,"stat.pickup.minecraft.iron_helmet":2,"stat.pickup.minecraft.coal":6,"stat.fallOneCm":119022,"stat.pickup.minecraft.iron_ingot":8,"stat.pickup.minecraft.gunpowder":6,"stat.crouchOneCm":1215,"stat.pickup.minecraft.dirt":567,"stat.craftingTableInteraction":22,"stat.pickup.minecraft.iron_ore":7,"stat.pickup.iceandfire.fire_dragon_heart":1,"stat.pickup.minecraft.gold_ore":1,"stat.useItem.minecraft.sapling":1,"stat.pickup.iceandfire.ice_dragon_flesh":1,"stat.damageTaken":8131,"stat.useItem.futuremc.sweet_berries":1,"stat.drop.chilean_craft.maizsemilla":1,"stat.mineBlock.minecraft.red_flower":1,"stat.mineBlock.minecraft.furnace":3,"stat.useItem.minecraft.wooden_pickaxe":13,"stat.pickup.iceandfire.sapphire_gem":5,"stat.pickup.minecraft.planks":1,"stat.pickup.minecraft.iron_leggings":1,"tombstone:undead_killed":3,"stat.pickup.minecraft.wheat_seeds":11,"stat.useItem.minecraft.stone_pickaxe":14,"stat.craftItem.iceandfire.armor_blue_chestplate":1,"stat.pickup.chilean_craft.semilaparra":3,"stat.damageDealt":9751,"stat.craftItem.minecraft.glass":3,"stat.drop.minecraft.carpet":3,"stat.pickup.iceandfire.dragon_ice_spikes":9,"stat.mineBlock.minecraft.dirt":99,"stat.craftItem.chilean_craft.c2":4,"stat.drop.iceandfire.ice_dragon_flesh":1,"stat.mineBlock.iceandfire.egginice":1,"stat.killEntity.cabra":6,"stat.walkOneCm":317421,"stat.drop.chilean_craft.semillauva":3,"stat.pickup.mowziesmobs.ice_crystal":1,"stat.pickup.iceandfire.dread_torch":1,"stat.pickup.minecraft.stick":3,"stat.pickup.minecraft.crafting_table":7,"stat.useItem.minecraft.cobblestone":2,"stat.craftItem.minecraft.crafting_table":1,"stat.mineBlock.minecraft.double_plant":1,"stat.useItem.chilean_craft.c3":2,"stat.useItem.iceandfire.dread_torch":1,"stat.useItem.chilean_craft.c2":2,"stat.pickup.iceandfire.dread_shard":2,"stat.pickup.chilean_craft.copperore":2,"stat.pickup.minecraft.log":10,"stat.drop.iceandfire.sapphire_gem":5,"stat.useItem.tombstone.gift":1,"stat.drop.minecraft.iron_ore":1,"stat.pickup.iceandfire.dragonscales_blue":21,"stat.drop.chilean_craft.copperore":1,"stat.pickup.minecraft.stone":1,"stat.drop.minecraft.sapling":2,"stat.pickup.chilean_craft.semillauva":3,"stat.entityKilledBy.icedragon":8,"stat.pickup.minecraft.sapling":6,"stat.killEntity.Stray":1,"stat.pickup.chilean_craft.maizsemilla":3,"stat.craftItem.minecraft.bucket":1,"stat.craftItem.minecraft.planks":40,"stat.pickup.futuremc.cornflower":1,"stat.killEntity.Spider":1,"stat.pickup.astralsorcery.itemcraftingcomponent":5,"stat.mobKills":16,"stat.mineBlock.minecraft.log":11,"stat.useItem.chilean_craft.canedecabra":5,"stat.pickup.iceandfire.dragonbone":37,"stat.pickup.chilean_craft.cardo":1,"stat.mineBlock.iceandfire.dragon_ice_spikes":4,"stat.pickup.minecraft.red_flower":1,"stat.sneakTime":646,"stat.pickup.astralsorcery.blockmarble":17,"stat.mineBlock.astralsorcery.blockcustomsandore":2,"stat.mineBlock.chilean_craft.eres":1,"stat.useItem.minecraft.wooden_axe":4,"stat.drop.iceandfire.frozen_cobblestone":4,"stat.mineBlock.minecraft.stone":15,"stat.drop.minecraft.wooden_axe":1,"stat.pickup.minecraft.chest":1,"stat.pickup.chilean_craft.gredaball":8,"stat.drop.chilean_craft.semilaparra":1}