{"stat.chestOpened":29,"stat.drop.minecraft.stone_pickaxe":1,"stat.drop.astralsorcery.blockmarble":13,"stat.pickup.minecraft.bone":13,"stat.drop.minecraft.wooden_pickaxe":1,"stat.useItem.minecraft.iron_axe":69,"stat.pickup.minecraft.arrow":1,"stat.pickup.minecraft.stone_pickaxe":1,"stat.pickup.iceandfire.ice_dragon_heart":1,"stat.entityKilledBy.Witch":1,"stat.craftItem.minecraft.iron_axe":1,"stat.useItem.iceandfire.silver_sword":14,"stat.pickup.iceandfire.frozen_dirt":3,"stat.useItem.minecraft.rotten_flesh":4,"stat.pickup.iceandfire.silver_nugget":10,"stat.jump":2423,"stat.swimOneCm":772,"stat.pickup.minecraft.iron_helmet":1,"stat.pickup.minecraft.coal":5,"stat.fallOneCm":84982,"stat.pickup.minecraft.iron_ingot":8,"stat.pickup.minecraft.glowstone_dust":33,"stat.pickup.minecraft.gunpowder":6,"stat.crouchOneCm":343,"stat.pickup.minecraft.dirt":18,"stat.useItem.minecraft.dirt":4,"stat.mineBlock.astralsorcery.blockcustomflower":31,"stat.useItem.minecraft.stone_slab2":19,"stat.drop.iceandfire.silver_sword":1,"stat.craftingTableInteraction":10,"stat.pickup.minecraft.iron_ore":7,"stat.pickup.minecraft.rotten_flesh":4,"stat.craftItem.minecraft.furnace":1,"stat.pickup.minecraft.gold_ore":1,"stat.craftItem.iceandfire.dread_torch":4,"stat.entityKilledBy.Spider":1,"stat.damageTaken":5536,"stat.pickup.iceandfire.chain_link":9,"stat.mineBlock.minecraft.red_flower":1,"stat.craftItem.minecraft.stone_pickaxe":1,"stat.mineBlock.minecraft.furnace":1,"stat.useItem.minecraft.wooden_pickaxe":13,"stat.craftItem.iceandfire.armor_blue_leggings":1,"stat.pickup.minecraft.cobblestone":14,"stat.pickup.iceandfire.sapphire_gem":5,"stat.killEntity.icedragon":1,"stat.pickup.futuremc.sweet_berries":1,"stat.craftItem.iceandfire.armor_blue_helmet":1,"stat.flyOneCm":633606,"stat.drop.minecraft.iron_helmet":1,"tombstone:undead_killed":2,"stat.pickup.minecraft.wheat_seeds":4,"stat.drop.minecraft.wheat_seeds":1,"stat.useItem.minecraft.stone_pickaxe":14,"stat.craftItem.iceandfire.armor_blue_chestplate":1,"stat.pickup.iceandfire.frozen_grass":3,"stat.damageDealt":6554,"stat.timeSinceDeath":1429,"stat.pickup.iceandfire.dragon_ice_spikes":4,"stat.mineBlock.iceandfire.dread_torch":1,"stat.mineBlock.minecraft.dirt":10,"stat.useItem.minecraft.iron_pickaxe":17,"stat.craftItem.minecraft.wooden_pickaxe":1,"stat.pickup.minecraft.packed_ice":1,"stat.craftItem.chilean_craft.c2":4,"stat.killEntity.cabra":6,"stat.walkOneCm":219868,"stat.drop.iceandfire.frozen_stone":8,"stat.pickup.mowziesmobs.ice_crystal":1,"stat.pickup.iceandfire.dread_torch":1,"stat.pickup.minecraft.crafting_table":6,"stat.useItem.minecraft.cobblestone":2,"stat.craftItem.minecraft.crafting_table":1,"stat.pickup.iceandfire.frozen_cobblestone":23,"stat.furnaceInteraction":3,"stat.drop.minecraft.dirt":13,"stat.pickup.chilean_craft.canedecabra":9,"stat.pickup.iceandfire.dragon_skull":4,"stat.mineBlock.minecraft.coal_ore":3,"stat.useItem.iceandfire.dread_torch":1,"stat.useItem.chilean_craft.c2":2,"stat.pickup.iceandfire.frozen_stone":47,"stat.pickup.iceandfire.dread_shard":2,"stat.pickup.chilean_craft.copperore":2,"stat.pickup.minecraft.log":4,"stat.pickup.iceandfire.manuscript":5,"stat.pickup.minecraft.string":4,"stat.drop.iceandfire.sapphire_gem":5,"stat.useItem.astralsorcery.blockmarble":3,"stat.useItem.tombstone.gift":1,"stat.pickup.minecraft.furnace":1,"stat.drop.minecraft.iron_ore":1,"stat.pickup.iceandfire.dragonscales_blue":21,"stat.craftItem.minecraft.stone_slab2":0,"stat.drop.chilean_craft.copperore":1,"stat.pickup.minecraft.stone":1,"stat.entityKilledBy.icedragon":4,"stat.pickup.minecraft.sapling":2,"stat.sprintOneCm":297147,"stat.pickup.chilean_craft.eres":1,"stat.craftItem.minecraft.stick":12,"stat.craftItem.minecraft.wooden_axe":1,"stat.entityKilledBy.mutantbeasts.mutant_skeleton":1,"stat.craftItem.minecraft.planks":16,"stat.mineBlock.minecraft.crafting_table":6,"stat.killEntity.Spider":1,"stat.mineBlock.astralsorcery.blockmarble":13,"stat.pickup.astralsorcery.itemcraftingcomponent":5,"stat.mobKills":13,"stat.mineBlock.minecraft.log":4,"stat.useItem.chilean_craft.canedecabra":5,"stat.pickup.iceandfire.dragonbone":22,"stat.deaths":19,"stat.drop":16,"stat.playOneMinute":67638,"stat.mineBlock.iceandfire.dragon_ice_spikes":1,"stat.pickup.minecraft.red_flower":1,"stat.sneakTime":401,"stat.craftItem.minecraft.iron_pickaxe":1,"stat.pickup.astralsorcery.blockmarble":17,"stat.mineBlock.astralsorcery.blockcustomsandore":2,"stat.mineBlock.chilean_craft.eres":1,"stat.killEntity.Zombie":2,"stat.pickup.minecraft.snowball":2,"stat.useItem.minecraft.wooden_axe":4,"stat.drop.iceandfire.frozen_cobblestone":4,"stat.useItem.iceandfire.frozen_cobblestone":1,"stat.mineBlock.minecraft.stone":15,"stat.mineBlock.minecraft.tallgrass":9,"stat.drop.minecraft.wooden_axe":1,"stat.diveOneCm":1051,"stat.pickup.minecraft.chest":1,"stat.pickup.chilean_craft.gredaball":8}