{"stat.pickup.minecraft.log":2,"stat.flyOneCm":80638,"stat.deaths":3,"stat.walkOneCm":5905,"stat.entityKilledBy.mutantbeasts.mutant_skeleton":1,"stat.jump":245,"stat.playOneMinute":5538,"stat.fallOneCm":7845,"stat.useItem.tombstone.gift":1,"stat.pickup.minecraft.red_flower":1,"stat.pickup.minecraft.glowstone_dust":4,"stat.sneakTime":4,"stat.damageTaken":1035,"stat.damageDealt":31,"stat.crouchOneCm":49,"stat.mineBlock.minecraft.red_flower":1,"stat.timeSinceDeath":1667,"stat.pickup.chilean_craft.canedecabra":1,"stat.sprintOneCm":34639,"stat.mineBlock.astralsorcery.blockcustomflower":4,"stat.useItem.minecraft.stone_slab2":1,"stat.mineBlock.minecraft.log":2,"stat.mineBlock.minecraft.tallgrass":1}