{"stat.chestOpened":29,"stat.drop.minecraft.stone_pickaxe":1,"stat.drop.astralsorcery.blockmarble":13,"stat.pickup.minecraft.bone":13,"stat.drop.minecraft.wooden_pickaxe":1,"stat.useItem.minecraft.iron_axe":56,"stat.pickup.minecraft.arrow":1,"stat.pickup.minecraft.stone_pickaxe":1,"stat.pickup.iceandfire.ice_dragon_heart":1,"stat.entityKilledBy.Witch":1,"stat.craftItem.minecraft.iron_axe":1,"stat.useItem.iceandfire.silver_sword":14,"stat.pickup.iceandfire.frozen_dirt":2,"stat.useItem.minecraft.rotten_flesh":4,"stat.pickup.iceandfire.silver_nugget":10,"stat.jump":2191,"stat.swimOneCm":363,"stat.pickup.minecraft.iron_helmet":1,"stat.pickup.minecraft.coal":3,"stat.fallOneCm":80361,"stat.pickup.minecraft.iron_ingot":8,"stat.pickup.minecraft.glowstone_dust":22,"stat.pickup.minecraft.gunpowder":6,"stat.crouchOneCm":343,"stat.pickup.minecraft.dirt":8,"stat.useItem.minecraft.dirt":4,"stat.mineBlock.astralsorcery.blockcustomflower":20,"stat.useItem.minecraft.stone_slab2":15,"stat.drop.iceandfire.silver_sword":1,"stat.craftingTableInteraction":9,"stat.pickup.minecraft.iron_ore":7,"stat.pickup.minecraft.rotten_flesh":4,"stat.pickup.minecraft.gold_ore":1,"stat.craftItem.iceandfire.dread_torch":4,"stat.entityKilledBy.Spider":1,"stat.damageTaken":5266,"stat.pickup.iceandfire.chain_link":9,"stat.mineBlock.minecraft.red_flower":1,"stat.craftItem.minecraft.stone_pickaxe":1,"stat.useItem.minecraft.wooden_pickaxe":13,"stat.craftItem.iceandfire.armor_blue_leggings":1,"stat.pickup.minecraft.cobblestone":6,"stat.pickup.iceandfire.sapphire_gem":5,"stat.killEntity.icedragon":1,"stat.craftItem.iceandfire.armor_blue_helmet":1,"stat.flyOneCm":602793,"stat.drop.minecraft.iron_helmet":1,"tombstone:undead_killed":2,"stat.pickup.minecraft.wheat_seeds":4,"stat.drop.minecraft.wheat_seeds":1,"stat.useItem.minecraft.stone_pickaxe":14,"stat.craftItem.iceandfire.armor_blue_chestplate":1,"stat.pickup.iceandfire.frozen_grass":1,"stat.damageDealt":5676,"stat.timeSinceDeath":6114,"stat.pickup.iceandfire.dragon_ice_spikes":1,"stat.mineBlock.iceandfire.dread_torch":1,"stat.mineBlock.minecraft.dirt":5,"stat.useItem.minecraft.iron_pickaxe":7,"stat.craftItem.minecraft.wooden_pickaxe":1,"stat.pickup.minecraft.packed_ice":1,"stat.killEntity.cabra":2,"stat.walkOneCm":139225,"stat.drop.iceandfire.frozen_stone":8,"stat.pickup.mowziesmobs.ice_crystal":1,"stat.pickup.iceandfire.dread_torch":1,"stat.pickup.minecraft.crafting_table":5,"stat.useItem.minecraft.cobblestone":2,"stat.craftItem.minecraft.crafting_table":1,"stat.pickup.iceandfire.frozen_cobblestone":23,"stat.drop.minecraft.dirt":3,"stat.pickup.chilean_craft.canedecabra":5,"stat.pickup.iceandfire.dragon_skull":2,"stat.mineBlock.minecraft.coal_ore":3,"stat.useItem.iceandfire.dread_torch":1,"stat.pickup.iceandfire.frozen_stone":47,"stat.pickup.iceandfire.dread_shard":2,"stat.pickup.chilean_craft.copperore":2,"stat.pickup.minecraft.log":4,"stat.pickup.iceandfire.manuscript":5,"stat.pickup.minecraft.string":4,"stat.drop.iceandfire.sapphire_gem":5,"stat.useItem.astralsorcery.blockmarble":3,"stat.useItem.tombstone.gift":1,"stat.drop.minecraft.iron_ore":1,"stat.pickup.iceandfire.dragonscales_blue":21,"stat.drop.chilean_craft.copperore":1,"stat.pickup.minecraft.stone":1,"stat.entityKilledBy.icedragon":3,"stat.pickup.minecraft.sapling":2,"stat.sprintOneCm":281994,"stat.pickup.chilean_craft.eres":1,"stat.craftItem.minecraft.stick":12,"stat.craftItem.minecraft.wooden_axe":1,"stat.entityKilledBy.mutantbeasts.mutant_skeleton":1,"stat.craftItem.minecraft.planks":16,"stat.mineBlock.minecraft.crafting_table":5,"stat.killEntity.Spider":1,"stat.mineBlock.astralsorcery.blockmarble":13,"stat.mobKills":8,"stat.mineBlock.minecraft.log":4,"stat.useItem.chilean_craft.canedecabra":5,"stat.pickup.iceandfire.dragonbone":13,"stat.deaths":18,"stat.drop":14,"stat.playOneMinute":55938,"stat.mineBlock.iceandfire.dragon_ice_spikes":1,"stat.pickup.minecraft.red_flower":1,"stat.sneakTime":397,"stat.craftItem.minecraft.iron_pickaxe":1,"stat.pickup.astralsorcery.blockmarble":17,"stat.mineBlock.chilean_craft.eres":1,"stat.killEntity.Zombie":2,"stat.pickup.minecraft.snowball":2,"stat.useItem.minecraft.wooden_axe":4,"stat.drop.iceandfire.frozen_cobblestone":4,"stat.useItem.iceandfire.frozen_cobblestone":1,"stat.mineBlock.minecraft.stone":7,"stat.mineBlock.minecraft.tallgrass":6,"stat.drop.minecraft.wooden_axe":1,"stat.pickup.minecraft.chest":1,"stat.pickup.chilean_craft.gredaball":8}