{"stat.chestOpened":29,"stat.drop.minecraft.stone_pickaxe":1,"stat.drop.astralsorcery.blockmarble":4,"stat.pickup.minecraft.bone":13,"stat.drop.minecraft.wooden_pickaxe":1,"stat.useItem.minecraft.iron_axe":31,"stat.pickup.minecraft.arrow":1,"stat.pickup.minecraft.stone_pickaxe":1,"stat.pickup.iceandfire.ice_dragon_heart":1,"stat.craftItem.minecraft.iron_axe":1,"stat.useItem.iceandfire.silver_sword":9,"stat.pickup.iceandfire.frozen_dirt":2,"stat.pickup.iceandfire.silver_nugget":10,"stat.jump":1735,"stat.swimOneCm":363,"stat.pickup.minecraft.iron_helmet":1,"stat.fallOneCm":69852,"stat.pickup.minecraft.iron_ingot":8,"stat.pickup.minecraft.glowstone_dust":14,"stat.pickup.minecraft.gunpowder":6,"stat.crouchOneCm":343,"stat.pickup.minecraft.dirt":5,"stat.useItem.minecraft.dirt":4,"stat.mineBlock.astralsorcery.blockcustomflower":13,"stat.useItem.minecraft.stone_slab2":11,"stat.craftingTableInteraction":9,"stat.pickup.minecraft.iron_ore":7,"stat.pickup.minecraft.rotten_flesh":2,"stat.pickup.minecraft.gold_ore":1,"stat.entityKilledBy.Spider":1,"stat.damageTaken":4671,"stat.pickup.iceandfire.chain_link":9,"stat.mineBlock.minecraft.red_flower":1,"stat.craftItem.minecraft.stone_pickaxe":1,"stat.useItem.minecraft.wooden_pickaxe":13,"stat.craftItem.iceandfire.armor_blue_leggings":1,"stat.pickup.minecraft.cobblestone":3,"stat.pickup.iceandfire.sapphire_gem":5,"stat.killEntity.icedragon":1,"stat.craftItem.iceandfire.armor_blue_helmet":1,"stat.flyOneCm":526864,"stat.drop.minecraft.iron_helmet":1,"tombstone:undead_killed":1,"stat.pickup.minecraft.wheat_seeds":3,"stat.drop.minecraft.wheat_seeds":1,"stat.useItem.minecraft.stone_pickaxe":14,"stat.craftItem.iceandfire.armor_blue_chestplate":1,"stat.damageDealt":2561,"stat.timeSinceDeath":4987,"stat.mineBlock.minecraft.dirt":5,"stat.craftItem.minecraft.wooden_pickaxe":1,"stat.pickup.minecraft.packed_ice":1,"stat.killEntity.cabra":2,"stat.walkOneCm":70825,"stat.drop.iceandfire.frozen_stone":8,"stat.pickup.minecraft.crafting_table":5,"stat.craftItem.minecraft.crafting_table":1,"stat.pickup.iceandfire.frozen_cobblestone":23,"stat.pickup.chilean_craft.canedecabra":5,"stat.pickup.iceandfire.dragon_skull":1,"stat.pickup.iceandfire.frozen_stone":47,"stat.pickup.iceandfire.dread_shard":2,"stat.pickup.chilean_craft.copperore":2,"stat.pickup.minecraft.log":4,"stat.pickup.iceandfire.manuscript":5,"stat.pickup.minecraft.string":2,"stat.useItem.astralsorcery.blockmarble":1,"stat.useItem.tombstone.gift":1,"stat.drop.minecraft.iron_ore":1,"stat.pickup.iceandfire.dragonscales_blue":21,"stat.drop.chilean_craft.copperore":1,"stat.entityKilledBy.icedragon":3,"stat.pickup.minecraft.sapling":2,"stat.sprintOneCm":238345,"stat.pickup.chilean_craft.eres":1,"stat.craftItem.minecraft.stick":12,"stat.craftItem.minecraft.wooden_axe":1,"stat.entityKilledBy.mutantbeasts.mutant_skeleton":1,"stat.craftItem.minecraft.planks":16,"stat.mineBlock.minecraft.crafting_table":5,"stat.mineBlock.astralsorcery.blockmarble":13,"stat.mobKills":4,"stat.mineBlock.minecraft.log":4,"stat.useItem.chilean_craft.canedecabra":5,"stat.pickup.iceandfire.dragonbone":13,"stat.deaths":17,"stat.drop":10,"stat.playOneMinute":43338,"stat.pickup.minecraft.red_flower":1,"stat.sneakTime":366,"stat.craftItem.minecraft.iron_pickaxe":1,"stat.pickup.astralsorcery.blockmarble":17,"stat.mineBlock.chilean_craft.eres":1,"stat.killEntity.Zombie":1,"stat.useItem.minecraft.wooden_axe":4,"stat.drop.iceandfire.frozen_cobblestone":4,"stat.useItem.iceandfire.frozen_cobblestone":1,"stat.mineBlock.minecraft.stone":3,"stat.mineBlock.minecraft.tallgrass":1,"stat.drop.minecraft.wooden_axe":1,"stat.pickup.minecraft.chest":1,"stat.pickup.chilean_craft.gredaball":8}