{
  "packedup:recipes/packedup/basic_from_chest": {
    "criteria": {
      "recipe_condition": "2024-08-04 22:39:09 -0300"
    },
    "done": true
  },
  "astralsorcery:root": {
    "criteria": {
      "astralsorcery_present": "2024-08-04 22:39:09 -0300"
    },
    "done": true
  },
  "tombstone:tutorial/root": {
    "criteria": {
      "auto": "2024-08-04 22:39:09 -0300"
    },
    "done": true
  },
  "iceandfire:iceandfire/root": {
    "criteria": {
      "tick": "2024-08-04 22:39:09 -0300"
    },
    "done": true
  },
  "mowziesmobs:root": {
    "criteria": {
      "custom_test_name": "2024-08-04 22:39:09 -0300"
    },
    "done": true
  },
  "minecraft:adventure/adventuring_time": {
    "criteria": {
      "forest": "2024-08-04 22:39:09 -0300"
    },
    "done": false
  }
}